"DateTime","BTC"
"2014-09-17 00:00:00",
"2014-09-18 00:00:00",-0.0719255771954772
"2014-09-19 00:00:00",-0.0698426440964911
"2014-09-20 00:00:00",0.0357349171656987
"2014-09-21 00:00:00",-0.0246585462535666
"2014-09-22 00:00:00",0.00835210252988339
"2014-09-23 00:00:00",0.0836474177197195
"2014-09-24 00:00:00",-0.0288808131265037
"2014-09-25 00:00:00",-0.0274830929627018
"2014-09-26 00:00:00",-0.0173699429826721
"2014-09-27 00:00:00",-0.0121283282327748
"2014-09-28 00:00:00",-0.055914571523479
"2014-09-29 00:00:00",-0.00454421086958245
"2014-09-30 00:00:00",0.0305672394493461
"2014-10-01 00:00:00",-0.00860333795071133
"2014-10-02 00:00:00",-0.0222697215246984
"2014-10-03 00:00:00",-0.041485363805798
"2014-10-04 00:00:00",-0.0852433203806918
"2014-10-05 00:00:00",-0.0254084857547616
"2014-10-06 00:00:00",0.0298555417972748
"2014-10-07 00:00:00",0.0185046665039379
"2014-10-08 00:00:00",0.0498323534283354
"2014-10-09 00:00:00",0.0342437777852111
"2014-10-10 00:00:00",-0.00948970481694544
"2014-10-11 00:00:00",0.00203837509345428
"2014-10-12 00:00:00",0.0448524547587021
"2014-10-13 00:00:00",0.0313433390531299
"2014-10-14 00:00:00",0.0267818110344871
"2014-10-15 00:00:00",-0.0152093822836504
"2014-10-16 00:00:00",-0.030946923144518
"2014-10-17 00:00:00",0.00314201319545382
"2014-10-18 00:00:00",0.020023009501019
"2014-10-19 00:00:00",-0.00484361940673361
"2014-10-20 00:00:00",-0.0172020484667291
"2014-10-21 00:00:00",0.0094816570427152
"2014-10-22 00:00:00",-0.00858274389935587
"2014-10-23 00:00:00",-0.0645712699348903
"2014-10-24 00:00:00",-0.00020085822270377
"2014-10-25 00:00:00",-0.0309031937632639
"2014-10-26 00:00:00",0.0214040737222982
"2014-10-27 00:00:00",-0.00483500595327346
"2014-10-28 00:00:00",0.013113714071566
"2014-10-29 00:00:00",-0.0615936762759972
"2014-10-30 00:00:00",0.0289459190298973
"2014-10-31 00:00:00",-0.02022553725425
"2014-11-01 00:00:00",-0.0371600358232551
"2014-11-02 00:00:00",0.000439003659483461
"2014-11-03 00:00:00",0.00509981223902289
"2014-11-04 00:00:00",0.00896956875988075
"2014-11-05 00:00:00",0.0272139352575682
"2014-11-06 00:00:00",0.0288790030547121
"2014-11-07 00:00:00",-0.0196827845711441
"2014-11-08 00:00:00",0.00897448394267086
"2014-11-09 00:00:00",0.0514518612508597
"2014-11-10 00:00:00",0.0100753251613082
"2014-11-11 00:00:00",0.00210124161103198
"2014-11-12 00:00:00",0.151935699251962
"2014-11-13 00:00:00",-0.00667204951976164
"2014-11-14 00:00:00",-0.0544689479530683
"2014-11-15 00:00:00",-0.0545098446565236
"2014-11-16 00:00:00",0.03123627313994
"2014-11-17 00:00:00",-0.00122201858668924
"2014-11-18 00:00:00",-0.0315171403666713
"2014-11-19 00:00:00",0.014277781407565
"2014-11-20 00:00:00",-0.0596891314470286
"2014-11-21 00:00:00",-0.0195394703726747
"2014-11-22 00:00:00",0.00590575134316285
"2014-11-23 00:00:00",0.0415192804608675
"2014-11-24 00:00:00",0.0253772802973955
"2014-11-25 00:00:00",-0.00412046929002463
"2014-11-26 00:00:00",-0.0185907401897063
"2014-11-27 00:00:00",0.00352910936733597
"2014-11-28 00:00:00",0.0183325067267495
"2014-11-29 00:00:00",-0.00253951823990017
"2014-11-30 00:00:00",0.00680708730814117
"2014-12-01 00:00:00",0.00316891288518839
"2014-12-02 00:00:00",0.00545823155820413
"2014-12-03 00:00:00",-0.0165348647887711
"2014-12-04 00:00:00",-0.0144156311987513
"2014-12-05 00:00:00",0.0196155883635936
"2014-12-06 00:00:00",-0.00549018977651605
"2014-12-07 00:00:00",0.000827132880695469
"2014-12-08 00:00:00",-0.0351537716174469
"2014-12-09 00:00:00",-0.0267746949656518
"2014-12-10 00:00:00",-0.0166203529614307
"2014-12-11 00:00:00",0.0119556598373294
"2014-12-12 00:00:00",0.00580868781217947
"2014-12-13 00:00:00",-0.0146535309756801
"2014-12-14 00:00:00",0.0122518018350068
"2014-12-15 00:00:00",-0.0178794540789062
"2014-12-16 00:00:00",-0.0529412296314087
"2014-12-17 00:00:00",-0.0222771545843727
"2014-12-18 00:00:00",-0.026205859644858
"2014-12-19 00:00:00",0.0207035128351489
"2014-12-20 00:00:00",0.0381100338702769
"2014-12-21 00:00:00",-0.0276188557435328
"2014-12-22 00:00:00",0.0344187015064787
"2014-12-23 00:00:00",0.00809315582249392
"2014-12-24 00:00:00",-0.0359802802500584
"2014-12-25 00:00:00",-0.0109321839954751
"2014-12-26 00:00:00",0.0279491897124735
"2014-12-27 00:00:00",-0.0367798745911291
"2014-12-28 00:00:00",0.00435634110201466
"2014-12-29 00:00:00",-0.0144023931432343
"2014-12-30 00:00:00",-0.00618227818348527
"2014-12-31 00:00:00",0.0304308563190092
"2015-01-01 00:00:00",-0.0185638041117284
"2015-01-02 00:00:00",0.00249171840623852
"2015-01-03 00:00:00",-0.107766863680613
"2015-01-04 00:00:00",-0.0600785320295198
"2015-01-05 00:00:00",0.0389068367215586
"2015-01-06 00:00:00",0.0426816239158594
"2015-01-07 00:00:00",0.0284707348722477
"2015-01-08 00:00:00",-0.0373313812942705
"2015-01-09 00:00:00",0.0249127084440486
"2015-01-10 00:00:00",-0.0537588514696168
"2015-01-11 00:00:00",-0.0332464312888991
"2015-01-12 00:00:00",0.00804029951004592
"2015-01-13 00:00:00",-0.156593076692448
"2015-01-14 00:00:00",-0.211448619689052
"2015-01-15 00:00:00",0.17821708525208
"2015-01-16 00:00:00",-0.00832520372253309
"2015-01-17 00:00:00",-0.042465797200344
"2015-01-18 00:00:00",0.055600774254762
"2015-01-19 00:00:00",0.0214985660885865
"2015-01-20 00:00:00",-0.0165036471580658
"2015-01-21 00:00:00",0.0737382620851501
"2015-01-22 00:00:00",0.0286870382329376
"2015-01-23 00:00:00",-0.00225790248088131
"2015-01-24 00:00:00",0.064273730686526
"2015-01-25 00:00:00",0.0236880091346678
"2015-01-26 00:00:00",0.0778619957759243
"2015-01-27 00:00:00",-0.0365593177113445
"2015-01-28 00:00:00",-0.112192854452388
"2015-01-29 00:00:00",-0.00171854311194153
"2015-01-30 00:00:00",-0.0303537576066429
"2015-01-31 00:00:00",-0.0395760091918825
"2015-02-01 00:00:00",0.0437221553056564
"2015-02-02 00:00:00",0.0495964436141902
"2015-02-03 00:00:00",-0.0460103464144106
"2015-02-04 00:00:00",-0.00182607314214778
"2015-02-05 00:00:00",-0.0429441317894512
"2015-02-06 00:00:00",0.0237436803752433
"2015-02-07 00:00:00",0.0246910991868006
"2015-02-08 00:00:00",-0.0190644073787016
"2015-02-09 00:00:00",-0.0147798773372082
"2015-02-10 00:00:00",-0.00123118440220271
"2015-02-11 00:00:00",-0.00297493613565059
"2015-02-12 00:00:00",0.011766361856572
"2015-02-13 00:00:00",0.0616105116570584
"2015-02-14 00:00:00",0.0929970301367555
"2015-02-15 00:00:00",-0.0874239404326301
"2015-02-16 00:00:00",-0.00418181629956538
"2015-02-17 00:00:00",0.0417673349917052
"2015-02-18 00:00:00",-0.0299002379627263
"2015-02-19 00:00:00",0.0167438239255295
"2015-02-20 00:00:00",0.0145495183897837
"2015-02-21 00:00:00",0.00309702631613384
"2015-02-22 00:00:00",-0.0349930566096297
"2015-02-23 00:00:00",0.0123528688738126
"2015-02-24 00:00:00",-0.000657188190958169
"2015-02-25 00:00:00",-0.00529876220370396
"2015-02-26 00:00:00",-0.00439637004928461
"2015-02-27 00:00:00",0.0736044613029967
"2015-02-28 00:00:00",0.00171374708408356
"2015-03-01 00:00:00",0.0233576886924169
"2015-03-02 00:00:00",0.0594461888755071
"2015-03-03 00:00:00",0.0218811721099315
"2015-03-04 00:00:00",-0.0305641639827074
"2015-03-05 00:00:00",0.0113002170953298
"2015-03-06 00:00:00",-0.0125101090145088
"2015-03-07 00:00:00",0.0129728482884934
"2015-03-08 00:00:00",-0.00690282774854079
"2015-03-09 00:00:00",0.0555960211173008
"2015-03-10 00:00:00",0.00743426449350792
"2015-03-11 00:00:00",0.0158314636745454
"2015-03-12 00:00:00",-0.00683244768915792
"2015-03-13 00:00:00",-0.0306331759631848
"2015-03-14 00:00:00",-0.01209796110358
"2015-03-15 00:00:00",0.0159923189956075
"2015-03-16 00:00:00",0.0146650997987887
"2015-03-17 00:00:00",-0.0175089634905746
"2015-03-18 00:00:00",-0.102295908963137
"2015-03-19 00:00:00",0.0180609280618722
"2015-03-20 00:00:00",0.00314640043108594
"2015-03-21 00:00:00",-0.00658645895917542
"2015-03-22 00:00:00",0.0305162856767531
"2015-03-23 00:00:00",-0.00455292223084158
"2015-03-24 00:00:00",-0.0792719119469112
"2015-03-25 00:00:00",0.0024512103159624
"2015-03-26 00:00:00",0.0094842420626351
"2015-03-27 00:00:00",-0.00604747482052581
"2015-03-28 00:00:00",0.0233535205847304
"2015-03-29 00:00:00",-0.0398935388746187
"2015-03-30 00:00:00",0.0198300217107863
"2015-03-31 00:00:00",-0.0133400207924016
"2015-04-01 00:00:00",0.0124803623414587
"2015-04-02 00:00:00",0.0231850024687186
"2015-04-03 00:00:00",0.0052054345723318
"2015-04-04 00:00:00",-0.00245751443152742
"2015-04-05 00:00:00",0.0272016848318659
"2015-04-06 00:00:00",-0.0195933512795446
"2015-04-07 00:00:00",-0.00904924993269074
"2015-04-08 00:00:00",-0.0322220958430944
"2015-04-09 00:00:00",-0.00549341685040428
"2015-04-10 00:00:00",-0.0312053265648921
"2015-04-11 00:00:00",0.0020332609873277
"2015-04-12 00:00:00",-0.00168674116738188
"2015-04-13 00:00:00",-0.0489766973106418
"2015-04-14 00:00:00",-0.0241688470614368
"2015-04-15 00:00:00",0.0213269638207003
"2015-04-16 00:00:00",0.0211765251246943
"2015-04-17 00:00:00",-0.0248979277946033
"2015-04-18 00:00:00",0.00212668134480687
"2015-04-19 00:00:00",-0.0033847176249836
"2015-04-20 00:00:00",0.0091015316504528
"2015-04-21 00:00:00",0.0473809339450175
"2015-04-22 00:00:00",-0.00464575449352556
"2015-04-23 00:00:00",0.00976193567577233
"2015-04-24 00:00:00",-0.0219654780396307
"2015-04-25 00:00:00",-0.0210924377541978
"2015-04-26 00:00:00",-0.0307434340330555
"2015-04-27 00:00:00",0.0449163847897494
"2015-04-28 00:00:00",-0.0149638402467627
"2015-04-29 00:00:00",-0.000208084836874733
"2015-04-30 00:00:00",0.0457778512974645
"2015-05-01 00:00:00",-0.017218272379796
"2015-05-02 00:00:00",0.0122846016288549
"2015-05-03 00:00:00",0.023104793605472
"2015-05-04 00:00:00",-0.00557500473814065
"2015-05-05 00:00:00",-0.0121204383745065
"2015-05-06 00:00:00",-0.026846421734226
"2015-05-07 00:00:00",0.0328659427880857
"2015-05-08 00:00:00",0.027509783680383
"2015-05-09 00:00:00",-0.00832847107474577
"2015-05-10 00:00:00",-0.00635150018876118
"2015-05-11 00:00:00",0.00774877634773818
"2015-05-12 00:00:00",-0.00431951444264667
"2015-05-13 00:00:00",-0.0196381805965692
"2015-05-14 00:00:00",0.00233526105473558
"2015-05-15 00:00:00",0.00285315430845046
"2015-05-16 00:00:00",-0.00611096578120773
"2015-05-17 00:00:00",0.0027482267851775
"2015-05-18 00:00:00",-0.0155150546404587
"2015-05-19 00:00:00",-0.00506588642121364
"2015-05-20 00:00:00",0.00892875935635051
"2015-05-21 00:00:00",0.00566618367676464
"2015-05-22 00:00:00",0.021262548131991
"2015-05-23 00:00:00",-0.00614114932103427
"2015-05-24 00:00:00",0.00871181658909759
"2015-05-25 00:00:00",-0.015949176611839
"2015-05-26 00:00:00",0.0000252878409796597
"2015-05-27 00:00:00",0.000704330378856755
"2015-05-28 00:00:00",0.000526797104579924
"2015-05-29 00:00:00",-0.00131424380572176
"2015-05-30 00:00:00",-0.0158205626022536
"2015-05-31 00:00:00",-0.0135207481903588
"2015-06-01 00:00:00",-0.0315565703848423
"2015-06-02 00:00:00",0.0129056236801814
"2015-06-03 00:00:00",0.000314428957483237
"2015-06-04 00:00:00",-0.00686218001202121
"2015-06-05 00:00:00",0.00279948193685287
"2015-06-06 00:00:00",0.00296510816467688
"2015-06-07 00:00:00",-0.0121355292045147
"2015-06-08 00:00:00",0.0251614138283849
"2015-06-09 00:00:00",0.00244653355256941
"2015-06-10 00:00:00",-0.00106968843090194
"2015-06-11 00:00:00",0.00394229106984501
"2015-06-12 00:00:00",0.00120586403251255
"2015-06-13 00:00:00",0.0105225541677729
"2015-06-14 00:00:00",0.0049096222681706
"2015-06-15 00:00:00",0.0140445186284519
"2015-06-16 00:00:00",0.0594199301539118
"2015-06-17 00:00:00",-0.00642104057201554
"2015-06-18 00:00:00",-0.00111115435941922
"2015-06-19 00:00:00",-0.0176742056621026
"2015-06-20 00:00:00",0.00247746577176211
"2015-06-21 00:00:00",-0.0051710600173468
"2015-06-22 00:00:00",0.0124864928016266
"2015-06-23 00:00:00",-0.0109073239623603
"2015-06-24 00:00:00",-0.0154771503529091
"2015-06-25 00:00:00",0.00949627677897968
"2015-06-26 00:00:00",0.00327430513757165
"2015-06-27 00:00:00",0.0303620416848207
"2015-06-28 00:00:00",-0.0078847880815015
"2015-06-29 00:00:00",0.0323399084189862
"2015-06-30 00:00:00",0.0233715966329708
"2015-07-01 00:00:00",-0.0169192812320338
"2015-07-02 00:00:00",-0.0124081144809731
"2015-07-03 00:00:00",0.00361766866532109
"2015-07-04 00:00:00",0.0177500897952301
"2015-07-05 00:00:00",0.0422675367468761
"2015-07-06 00:00:00",-0.0106026378423094
"2015-07-07 00:00:00",-0.0104932461453862
"2015-07-08 00:00:00",0.0171971547810645
"2015-07-09 00:00:00",-0.0057499749875366
"2015-07-10 00:00:00",0.058188654874552
"2015-07-11 00:00:00",0.0288562681338491
"2015-07-12 00:00:00",0.0605633099828844
"2015-07-13 00:00:00",-0.0605178991592173
"2015-07-14 00:00:00",-0.0157162621297009
"2015-07-15 00:00:00",-0.00568759588179246
"2015-07-16 00:00:00",-0.0270792002533261
"2015-07-17 00:00:00",0.0049732138081886
"2015-07-18 00:00:00",-0.0163557860727973
"2015-07-19 00:00:00",-0.00468163809996458
"2015-07-20 00:00:00",0.0196151283391501
"2015-07-21 00:00:00",-0.0112838513569248
"2015-07-22 00:00:00",0.0050355721023787
"2015-07-23 00:00:00",-0.00423117235813752
"2015-07-24 00:00:00",0.0443001188654863
"2015-07-25 00:00:00",0.00145337479169205
"2015-07-26 00:00:00",0.0138173036933384
"2015-07-27 00:00:00",0.00320475862861969
"2015-07-28 00:00:00",0.00273482078830001
"2015-07-29 00:00:00",-0.0164285407491261
"2015-07-30 00:00:00",-0.00645053705515419
"2015-07-31 00:00:00",-0.010676942187786
"2015-08-01 00:00:00",-0.0107113334420094
"2015-08-02 00:00:00",0.00359729174695822
"2015-08-03 00:00:00",-0.00490783871743883
"2015-08-04 00:00:00",0.0141913725990523
"2015-08-05 00:00:00",-0.0116963100226916
"2015-08-06 00:00:00",-0.0117247398875135
"2015-08-07 00:00:00",0.00361837127427411
"2015-08-08 00:00:00",-0.0664841912061009
"2015-08-09 00:00:00",0.0156553479890646
"2015-08-10 00:00:00",-0.00231250959699381
"2015-08-11 00:00:00",0.0223692100337685
"2015-08-12 00:00:00",-0.014830572617029
"2015-08-13 00:00:00",-0.00861946999603458
"2015-08-14 00:00:00",0.00605879308832291
"2015-08-15 00:00:00",-0.0155412455163684
"2015-08-16 00:00:00",-0.0116382887398307
"2015-08-17 00:00:00",-0.00205401023026097
"2015-08-18 00:00:00",-0.181788288975534
"2015-08-19 00:00:00",0.0739297200083791
"2015-08-20 00:00:00",0.0382294285023355
"2015-08-21 00:00:00",-0.0118164687873431
"2015-08-22 00:00:00",-0.00936926675524252
"2015-08-23 00:00:00",-0.00964014501341259
"2015-08-24 00:00:00",-0.0774601744112432
"2015-08-25 00:00:00",0.0527993504073576
"2015-08-26 00:00:00",0.0190515733309995
"2015-08-27 00:00:00",-0.00470261845457753
"2015-08-28 00:00:00",0.0294835991104234
"2015-08-29 00:00:00",-0.00698368609627975
"2015-08-30 00:00:00",-0.00443466361056088
"2015-08-31 00:00:00",0.00566092117396844
"2015-09-01 00:00:00",-0.00841098689014852
"2015-09-02 00:00:00",0.00509814962148902
"2015-09-03 00:00:00",-0.00916329978319419
"2015-09-04 00:00:00",0.0137114353350005
"2015-09-05 00:00:00",0.0204994959487361
"2015-09-06 00:00:00",0.0205132311070155
"2015-09-07 00:00:00",0.0000292028023549662
"2015-09-08 00:00:00",0.0156766396911365
"2015-09-09 00:00:00",-0.0223269286663956
"2015-09-10 00:00:00",0.00129742871123506
"2015-09-11 00:00:00",0.00683499861967829
"2015-09-12 00:00:00",-0.0203159054154171
"2015-09-13 00:00:00",-0.0200528460342416
"2015-09-14 00:00:00",0.00057265567089182
"2015-09-15 00:00:00",-0.00147411597276481
"2015-09-16 00:00:00",-0.00526694280052908
"2015-09-17 00:00:00",0.0031384689515721
"2015-09-18 00:00:00",0.0137722815697514
"2015-09-19 00:00:00",-0.00636124031261964
"2015-09-20 00:00:00",-0.00121381642146967
"2015-09-21 00:00:00",-0.0178494147920676
"2015-09-22 00:00:00",0.0155580020304908
"2015-09-23 00:00:00",-0.00145257961568623
"2015-09-24 00:00:00",0.0184381908686662
"2015-09-25 00:00:00",0.00262223427228347
"2015-09-26 00:00:00",-0.00341918573409294
"2015-09-27 00:00:00",-0.00675510807809354
"2015-09-28 00:00:00",0.0274320166107656
"2015-09-29 00:00:00",-0.0102658755907861
"2015-09-30 00:00:00",-0.0026490597734401
"2015-10-01 00:00:00",0.00630770995770313
"2015-10-02 00:00:00",-0.00107765978518382
"2015-10-03 00:00:00",0.00605579181036009
"2015-10-04 00:00:00",-0.00197291085281126
"2015-10-05 00:00:00",0.00891463899897205
"2015-10-06 00:00:00",0.0236289924600159
"2015-10-07 00:00:00",-0.0125740560332264
"2015-10-08 00:00:00",-0.00273694593310947
"2015-10-09 00:00:00",0.00671470133916618
"2015-10-10 00:00:00",0.0041404905485567
"2015-10-11 00:00:00",0.00861027370534795
"2015-10-12 00:00:00",-0.00705122031510363
"2015-10-13 00:00:00",0.0171213210214152
"2015-10-14 00:00:00",0.00994357711886718
"2015-10-15 00:00:00",0.009250439576731
"2015-10-16 00:00:00",0.0336150549099348
"2015-10-17 00:00:00",0.0295623575041115
"2015-10-18 00:00:00",-0.0332434581043014
"2015-10-19 00:00:00",0.00685669773590925
"2015-10-20 00:00:00",0.022874542017657
"2015-10-21 00:00:00",-0.0118421076216497
"2015-10-22 00:00:00",0.0291093577720223
"2015-10-23 00:00:00",0.00902476036592681
"2015-10-24 00:00:00",0.0186548447814447
"2015-10-25 00:00:00",0.00719322664526634
"2015-10-26 00:00:00",0.00571064241389752
"2015-10-27 00:00:00",0.0297511614336277
"2015-10-28 00:00:00",0.0368633750227383
"2015-10-29 00:00:00",0.0303232234025714
"2015-10-30 00:00:00",0.0451163865597801
"2015-10-31 00:00:00",-0.0422207196826037
"2015-11-01 00:00:00",0.0358568894719777
"2015-11-02 00:00:00",0.109878883695776
"2015-11-03 00:00:00",0.116913852815477
"2015-11-04 00:00:00",0.0201924960067126
"2015-11-05 00:00:00",-0.0612518247146171
"2015-11-06 00:00:00",-0.0307593628562471
"2015-11-07 00:00:00",0.0320773198598623
"2015-11-08 00:00:00",-0.0339316816039514
"2015-11-09 00:00:00",0.0184509058008184
"2015-11-10 00:00:00",-0.114233242929297
"2015-11-11 00:00:00",-0.0764059776912822
"2015-11-12 00:00:00",0.0870118414795438
"2015-11-13 00:00:00",-0.00413724291709672
"2015-11-14 00:00:00",-0.0114237589652174
"2015-11-15 00:00:00",-0.0382691233272614
"2015-11-16 00:00:00",0.0330610448827038
"2015-11-17 00:00:00",0.0131306841342436
"2015-11-18 00:00:00",-0.00150404963689088
"2015-11-19 00:00:00",-0.0252279180516802
"2015-11-20 00:00:00",-0.012653677198145
"2015-11-21 00:00:00",0.0152318753200229
"2015-11-22 00:00:00",-0.00731353172228966
"2015-11-23 00:00:00",-0.00459123471508982
"2015-11-24 00:00:00",-0.00928660343377119
"2015-11-25 00:00:00",0.0254963481967074
"2015-11-26 00:00:00",0.0745811973196322
"2015-11-27 00:00:00",0.0151920760565287
"2015-11-28 00:00:00",-0.00184609630928434
"2015-11-29 00:00:00",0.0389304230858243
"2015-11-30 00:00:00",0.0162324408759777
"2015-12-01 00:00:00",-0.0393113726764235
"2015-12-02 00:00:00",-0.00910649438396449
"2015-12-03 00:00:00",0.00517551564475838
"2015-12-04 00:00:00",0.00591898001692259
"2015-12-05 00:00:00",0.0709449231014971
"2015-12-06 00:00:00",-0.000426829733116363
"2015-12-07 00:00:00",0.0173696410946373
"2015-12-08 00:00:00",0.050632499805435
"2015-12-09 00:00:00",0.00481274814589594
"2015-12-10 00:00:00",-0.00499082547996343
"2015-12-11 00:00:00",0.0877516881695424
"2015-12-12 00:00:00",-0.037485184803717
"2015-12-13 00:00:00",-0.00285520124116534
"2015-12-14 00:00:00",0.0240389203117093
"2015-12-15 00:00:00",0.047590867407648
"2015-12-16 00:00:00",-0.0223222757784156
"2015-12-17 00:00:00",0.00251467910762182
"2015-12-18 00:00:00",0.0165278613535764
"2015-12-19 00:00:00",-0.00279111594158377
"2015-12-20 00:00:00",-0.0424747110937235
"2015-12-21 00:00:00",-0.00913965916685533
"2015-12-22 00:00:00",-0.00471234195386461
"2015-12-23 00:00:00",0.013351772720573
"2015-12-24 00:00:00",0.0284447457658441
"2015-12-25 00:00:00",0.00146824625432407
"2015-12-26 00:00:00",-0.0842286273470615
"2015-12-27 00:00:00",0.0132982432954778
"2015-12-28 00:00:00",-0.00128660456638641
"2015-12-29 00:00:00",0.0253481944467651
"2015-12-30 00:00:00",-0.0146957431830084
"2015-12-31 00:00:00",0.00925177217725093
"2016-01-01 00:00:00",0.00874899637567661
"2016-01-02 00:00:00",-0.00206299062255122
"2016-01-03 00:00:00",-0.00790655663527129
"2016-01-04 00:00:00",0.00716264723524995
"2016-01-05 00:00:00",-0.00261148809872647
"2016-01-06 00:00:00",-0.00660936211566876
"2016-01-07 00:00:00",0.0674496737582959
"2016-01-08 00:00:00",-0.0105185329003202
"2016-01-09 00:00:00",-0.0123977205031112
"2016-01-10 00:00:00",0.000848962618862581
"2016-01-11 00:00:00",0.000975492817771872
"2016-01-12 00:00:00",-0.0284059129767694
"2016-01-13 00:00:00",-0.00761780161299186
"2016-01-14 00:00:00",-0.00477599559278485
"2016-01-15 00:00:00",-0.15332113891045
"2016-01-16 00:00:00",0.0636921299097599
"2016-01-17 00:00:00",-0.0135135828706251
"2016-01-18 00:00:00",0.012736072707235
"2016-01-19 00:00:00",-0.0181291119569003
"2016-01-20 00:00:00",0.105435040919891
"2016-01-21 00:00:00",-0.0237203858341283
"2016-01-22 00:00:00",-0.0676884270876147
"2016-01-23 00:00:00",0.0130695359581947
"2016-01-24 00:00:00",0.0399493436488796
"2016-01-25 00:00:00",-0.0279052209135601
"2016-01-26 00:00:00",0.00109005270477147
"2016-01-27 00:00:00",0.00718844403121577
"2016-01-28 00:00:00",-0.0371747479761129
"2016-01-29 00:00:00",-0.00214311220639274
"2016-01-30 00:00:00",-0.00321232549057993
"2016-01-31 00:00:00",-0.0250836257936626
"2016-02-01 00:00:00",0.011630655734546
"2016-02-02 00:00:00",0.00373133792245661
"2016-02-03 00:00:00",-0.0120150008119418
"2016-02-04 00:00:00",0.0531018835960919
"2016-02-05 00:00:00",-0.00781578527106352
"2016-02-06 00:00:00",-0.0259398102560403
"2016-02-07 00:00:00",0.000260255706756141
"2016-02-08 00:00:00",-0.00842494833552321
"2016-02-09 00:00:00",0.00691396921711984
"2016-02-10 00:00:00",0.0149456428083077
"2016-02-11 00:00:00",-0.00522730327592869
"2016-02-12 00:00:00",0.0121400224865802
"2016-02-13 00:00:00",0.0197702745255204
"2016-02-14 00:00:00",0.0392232598079643
"2016-02-15 00:00:00",-0.0172998374621265
"2016-02-16 00:00:00",0.0182490823906396
"2016-02-17 00:00:00",0.0216791263748777
"2016-02-18 00:00:00",0.0145344111788703
"2016-02-19 00:00:00",-0.00375966752760082
"2016-02-20 00:00:00",0.0389248591187912
"2016-02-21 00:00:00",0.00373773457160764
"2016-02-22 00:00:00",-0.0023929416050853
"2016-02-23 00:00:00",-0.0388625294554753
"2016-02-24 00:00:00",0.0100276541114173
"2016-02-25 00:00:00",-0.000967116547805125
"2016-02-26 00:00:00",0.0179204084676208
"2016-02-27 00:00:00",0.000849247471274017
"2016-02-28 00:00:00",0.00227732416997206
"2016-02-29 00:00:00",0.00967232832763854
"2016-03-01 00:00:00",-0.00588079208431203
"2016-03-02 00:00:00",-0.0255881034977087
"2016-03-03 00:00:00",-0.00551432448200173
"2016-03-04 00:00:00",-0.0254049106360358
"2016-03-05 00:00:00",-0.0252324265308529
"2016-03-06 00:00:00",0.0178170953273593
"2016-03-07 00:00:00",0.016222466093978
"2016-03-08 00:00:00",-0.000842412014370963
"2016-03-09 00:00:00",0.00214507269133191
"2016-03-10 00:00:00",0.00547420113318475
"2016-03-11 00:00:00",0.0109293959663685
"2016-03-12 00:00:00",-0.0238706370847275
"2016-03-13 00:00:00",0.0059301912461649
"2016-03-14 00:00:00",0.00573095042695737
"2016-03-15 00:00:00",0.000941314220354039
"2016-03-16 00:00:00",0.000434227396408415
"2016-03-17 00:00:00",0.00865688464140368
"2016-03-18 00:00:00",-0.0263253569064532
"2016-03-19 00:00:00",0.00218776795698905
"2016-03-20 00:00:00",0.00806688610382889
"2016-03-21 00:00:00",-0.00108276152454034
"2016-03-22 00:00:00",0.011570048218418
"2016-03-23 00:00:00",-0.000114817661462152
"2016-03-24 00:00:00",-0.00393974050175971
"2016-03-25 00:00:00",0.00188040648384735
"2016-03-26 00:00:00",0.001840957186801
"2016-03-27 00:00:00",0.0211032740008306
"2016-03-28 00:00:00",-0.00593775710504285
"2016-03-29 00:00:00",-0.0181858403045277
"2016-03-30 00:00:00",-0.00408143033336739
"2016-03-31 00:00:00",0.00461166867691531
"2016-04-01 00:00:00",0.00295392686418339
"2016-04-02 00:00:00",0.00696955465289983
"2016-04-03 00:00:00",0.0000736706822044297
"2016-04-04 00:00:00",0.00128297191346194
"2016-04-05 00:00:00",0.00613604417194202
"2016-04-06 00:00:00",-0.00145509752011663
"2016-04-07 00:00:00",-0.00157765351906047
"2016-04-08 00:00:00",-0.00566770991576149
"2016-04-09 00:00:00",-0.00223145053808016
"2016-04-10 00:00:00",0.00513335116039659
"2016-04-11 00:00:00",0.00217999404811597
"2016-04-12 00:00:00",0.00640735837225459
"2016-04-13 00:00:00",-0.00342433498706773
"2016-04-14 00:00:00",0.00129327358286213
"2016-04-15 00:00:00",0.0128004483659314
"2016-04-16 00:00:00",0.00199895738321532
"2016-04-17 00:00:00",-0.00736927637264739
"2016-04-18 00:00:00",0.00278900052704145
"2016-04-19 00:00:00",0.0161412627693447
"2016-04-20 00:00:00",0.013501454526762
"2016-04-21 00:00:00",0.0182061171763479
"2016-04-22 00:00:00",-0.00820601457077852
"2016-04-23 00:00:00",0.0101966249155891
"2016-04-24 00:00:00",0.0183728857941301
"2016-04-25 00:00:00",0.0062609764233883
"2016-04-26 00:00:00",0.0101056161779529
"2016-04-27 00:00:00",-0.0459182205653866
"2016-04-28 00:00:00",0.00972363456389869
"2016-04-29 00:00:00",0.0135542318334279
"2016-04-30 00:00:00",-0.0148957084389386
"2016-05-01 00:00:00",0.00793411608621297
"2016-05-02 00:00:00",-0.0159468746887966
"2016-05-03 00:00:00",0.0126723021482635
"2016-05-04 00:00:00",-0.00795462867610497
"2016-05-05 00:00:00",0.00280717771255423
"2016-05-06 00:00:00",0.0259544789510862
"2016-05-07 00:00:00",-0.0023215383863131
"2016-05-08 00:00:00",0.0000261549795703697
"2016-05-09 00:00:00",0.00421983736298204
"2016-05-10 00:00:00",-0.0208216437053196
"2016-05-11 00:00:00",0.00406526584840794
"2016-05-12 00:00:00",0.0045015859710571
"2016-05-13 00:00:00",0.00198788391808313
"2016-05-14 00:00:00",0.00000214409544652128
"2016-05-15 00:00:00",0.00416309802825054
"2016-05-16 00:00:00",-0.00744151481766775
"2016-05-17 00:00:00",-0.000836712821212449
"2016-05-18 00:00:00",0.00184228589088375
"2016-05-19 00:00:00",-0.0349831230542443
"2016-05-20 00:00:00",0.00902863826428213
"2016-05-21 00:00:00",0.00115658631997873
"2016-05-22 00:00:00",-0.00872088166793916
"2016-05-23 00:00:00",0.010998743571353
"2016-05-24 00:00:00",0.0041111526474118
"2016-05-25 00:00:00",0.00811247810411131
"2016-05-26 00:00:00",0.00841862194626475
"2016-05-27 00:00:00",0.0442891365093003
"2016-05-28 00:00:00",0.119493753093015
"2016-05-29 00:00:00",-0.0071824902988733
"2016-05-30 00:00:00",0.0145012635477757
"2016-05-31 00:00:00",-0.00464168390267261
"2016-06-01 00:00:00",0.0104142697508023
"2016-06-02 00:00:00",0.00195932733611826
"2016-06-03 00:00:00",0.0580364514706095
"2016-06-04 00:00:00",0.0062070580262823
"2016-06-05 00:00:00",0.00392857336791486
"2016-06-06 00:00:00",0.0183659471312061
"2016-06-07 00:00:00",-0.0152680397626187
"2016-06-08 00:00:00",0.0087548758167717
"2016-06-09 00:00:00",-0.012060646543488
"2016-06-10 00:00:00",0.00494225149276706
"2016-06-11 00:00:00",0.0506641392094136
"2016-06-12 00:00:00",0.108874350554275
"2016-06-13 00:00:00",0.046957091935705
"2016-06-14 00:00:00",-0.0267143636558179
"2016-06-15 00:00:00",0.0129966534274515
"2016-06-16 00:00:00",0.103444487256691
"2016-06-17 00:00:00",-0.0227049520375413
"2016-06-18 00:00:00",0.00977153837023548
"2016-06-19 00:00:00",0.00998908541997423
"2016-06-20 00:00:00",-0.0347678101332624
"2016-06-21 00:00:00",-0.0957291709130182
"2016-06-22 00:00:00",-0.105806256229243
"2016-06-23 00:00:00",0.0467374817843347
"2016-06-24 00:00:00",0.0662236294963376
"2016-06-25 00:00:00",-0.000264580282083093
"2016-06-26 00:00:00",-0.0537584518241263
"2016-06-27 00:00:00",0.0411652022354831
"2016-06-28 00:00:00",-0.0126268310204968
"2016-06-29 00:00:00",-0.0109906511006708
"2016-06-30 00:00:00",0.0522698576567102
"2016-07-01 00:00:00",0.00439459900445827
"2016-07-02 00:00:00",0.0405236821584081
"2016-07-03 00:00:00",-0.0640015565338163
"2016-07-04 00:00:00",0.0379525614912115
"2016-07-05 00:00:00",-0.019066400133199
"2016-07-06 00:00:00",0.0099965850764252
"2016-07-07 00:00:00",-0.0542851018567151
"2016-07-08 00:00:00",0.0405284695527652
"2016-07-09 00:00:00",-0.0233495134699101
"2016-07-10 00:00:00",-0.00245796507607943
"2016-07-11 00:00:00",-0.0026194838599426
"2016-07-12 00:00:00",0.0260816696413468
"2016-07-13 00:00:00",-0.0151726603687052
"2016-07-14 00:00:00",0.00551590742513564
"2016-07-15 00:00:00",0.00786685161394152
"2016-07-16 00:00:00",-0.00375116053590885
"2016-07-17 00:00:00",0.0282882682997792
"2016-07-18 00:00:00",-0.00935003605751139
"2016-07-19 00:00:00",-0.000359533258548206
"2016-07-20 00:00:00",-0.0106693415766473
"2016-07-21 00:00:00",-0.00101094962635762
"2016-07-22 00:00:00",-0.0216432252058048
"2016-07-23 00:00:00",0.00758817503919285
"2016-07-24 00:00:00",0.00873905926851148
"2016-07-25 00:00:00",-0.0108697283221042
"2016-07-26 00:00:00",-0.00353615450467182
"2016-07-27 00:00:00",0.00393994484648252
"2016-07-28 00:00:00",0.0010437547534623
"2016-07-29 00:00:00",0.0029876740642365
"2016-07-30 00:00:00",-0.0029604728644459
"2016-07-31 00:00:00",-0.0463569287991104
"2016-08-01 00:00:00",-0.0294695310341022
"2016-08-02 00:00:00",-0.0969976324470471
"2016-08-03 00:00:00",0.0345044013195019
"2016-08-04 00:00:00",0.0210716271974867
"2016-08-05 00:00:00",-0.00561306024217456
"2016-08-06 00:00:00",0.0221461426982255
"2016-08-07 00:00:00",0.00835687432099697
"2016-08-08 00:00:00",-0.00276027264586787
"2016-08-09 00:00:00",-0.00550371186379028
"2016-08-10 00:00:00",0.00731880656383677
"2016-08-11 00:00:00",-0.00503802862673086
"2016-08-12 00:00:00",-0.00264967071776268
"2016-08-13 00:00:00",-0.00335457022963481
"2016-08-14 00:00:00",-0.0258116468651144
"2016-08-15 00:00:00",-0.00566728289563179
"2016-08-16 00:00:00",0.0179801075026462
"2016-08-17 00:00:00",-0.00731336610421618
"2016-08-18 00:00:00",0.00192246900685356
"2016-08-19 00:00:00",0.00228446960741491
"2016-08-20 00:00:00",0.0105397841448518
"2016-08-21 00:00:00",-0.000668798336513898
"2016-08-22 00:00:00",0.00936682130511857
"2016-08-23 00:00:00",-0.00568895779178047
"2016-08-24 00:00:00",-0.00554146040453563
"2016-08-25 00:00:00",-0.00417286467141331
"2016-08-26 00:00:00",0.00327127487974743
"2016-08-27 00:00:00",-0.0167410734791433
"2016-08-28 00:00:00",0.00695672729904495
"2016-08-29 00:00:00",0.000339787292158444
"2016-08-30 00:00:00",0.00591526671783527
"2016-08-31 00:00:00",-0.00351687529181977
"2016-09-01 00:00:00",-0.00550679456620284
"2016-09-02 00:00:00",0.00565086696849071
"2016-09-03 00:00:00",0.0393979683533356
"2016-09-04 00:00:00",0.0174219130267326
"2016-09-05 00:00:00",-0.0033582499400806
"2016-09-06 00:00:00",0.00634027403816839
"2016-09-07 00:00:00",0.00672966891692384
"2016-09-08 00:00:00",0.0191556225185932
"2016-09-09 00:00:00",-0.0055163146332563
"2016-09-10 00:00:00",0.00104027861123668
"2016-09-11 00:00:00",-0.0269282059344609
"2016-09-12 00:00:00",0.00251184982680797
"2016-09-13 00:00:00",0.00164086891452353
"2016-09-14 00:00:00",0.00236850923309784
"2016-09-15 00:00:00",-0.00577875280610951
"2016-09-16 00:00:00",-0.00029977022557115
"2016-09-17 00:00:00",-0.0016294183829475
"2016-09-18 00:00:00",0.00641933440854214
"2016-09-19 00:00:00",-0.00106092893876208
"2016-09-20 00:00:00",-0.0015018671447895
"2016-09-21 00:00:00",-0.0183508212558524
"2016-09-22 00:00:00",-0.00142512675819051
"2016-09-23 00:00:00",0.0109743891231133
"2016-09-24 00:00:00",-0.000359928484078065
"2016-09-25 00:00:00",-0.00298529101846079
"2016-09-26 00:00:00",0.0120118655519743
"2016-09-27 00:00:00",-0.00308697560434179
"2016-09-28 00:00:00",-0.00237226924974954
"2016-09-29 00:00:00",0.00159570245947926
"2016-09-30 00:00:00",0.00667333458817154
"2016-10-01 00:00:00",0.00696693826745065
"2016-10-02 00:00:00",-0.00503424711432277
"2016-10-03 00:00:00",0.00203140152611159
"2016-10-04 00:00:00",-0.00315130374053552
"2016-10-05 00:00:00",0.0037807144486024
"2016-10-06 00:00:00",0.000832654452992854
"2016-10-07 00:00:00",0.00668814938925855
"2016-10-08 00:00:00",0.00321978848581406
"2016-10-09 00:00:00",-0.00380540569715904
"2016-10-10 00:00:00",0.003635180670849
"2016-10-11 00:00:00",0.0356675530333355
"2016-10-12 00:00:00",-0.00761225547230671
"2016-10-13 00:00:00",0.000933670942306231
"2016-10-14 00:00:00",0.00564079602558976
"2016-10-15 00:00:00",-0.00270464479470212
"2016-10-16 00:00:00",0.00467392736930283
"2016-10-17 00:00:00",-0.00379967313330221
"2016-10-18 00:00:00",-0.00192894949334965
"2016-10-19 00:00:00",-0.0116621759098252
"2016-10-20 00:00:00",0.000534439810491616
"2016-10-21 00:00:00",0.00312433406559909
"2016-10-22 00:00:00",0.0386613785799867
"2016-10-23 00:00:00",-0.000339303261499668
"2016-10-24 00:00:00",-0.00503750444107265
"2016-10-25 00:00:00",0.00585386262250909
"2016-10-26 00:00:00",0.0315030119017696
"2016-10-27 00:00:00",0.0147558790216569
"2016-10-28 00:00:00",0.00194390200871797
"2016-10-29 00:00:00",0.0360008221027726
"2016-10-30 00:00:00",-0.0176562081312049
"2016-10-31 00:00:00",-0.00127094277838269
"2016-11-01 00:00:00",0.0411158300427656
"2016-11-02 00:00:00",0.0151220257611941
"2016-11-03 00:00:00",-0.0703657233689289
"2016-11-04 00:00:00",0.0211049408258179
"2016-11-05 00:00:00",0.000260289951302672
"2016-11-06 00:00:00",0.0115208064825976
"2016-11-07 00:00:00",-0.0117930187940942
"2016-11-08 00:00:00",0.00955304371661581
"2016-11-09 00:00:00",0.0189124820862008
"2016-11-10 00:00:00",-0.0106999886529707
"2016-11-11 00:00:00",0.00122567761095493
"2016-11-12 00:00:00",-0.0158526248558734
"2016-11-13 00:00:00",-0.00428762893536938
"2016-11-14 00:00:00",0.00425905689983153
"2016-11-15 00:00:00",0.00935861915805991
"2016-11-16 00:00:00",0.0457814899969671
"2016-11-17 00:00:00",-0.00432815999056202
"2016-11-18 00:00:00",0.0143162772166514
"2016-11-19 00:00:00",0.0000412541483563178
"2016-11-20 00:00:00",-0.0273943426336832
"2016-11-21 00:00:00",0.0112471854472382
"2016-11-22 00:00:00",0.0163666309941086
"2016-11-23 00:00:00",-0.00898784600832603
"2016-11-24 00:00:00",-0.00578166495390775
"2016-11-25 00:00:00",0.00183710145384164
"2016-11-26 00:00:00",-0.00845004592448806
"2016-11-27 00:00:00",-0.00455143845446671
"2016-11-28 00:00:00",0.00516097609997646
"2016-11-29 00:00:00",-0.000284017818940718
"2016-11-30 00:00:00",0.0137125069264847
"2016-12-01 00:00:00",0.0148627357875011
"2016-12-02 00:00:00",0.0279739834662156
"2016-12-03 00:00:00",-0.00872677372896147
"2016-12-04 00:00:00",0.00352326043120454
"2016-12-05 00:00:00",-0.0196053053005565
"2016-12-06 00:00:00",0.00728085793150091
"2016-12-07 00:00:00",0.00511371012309692
"2016-12-08 00:00:00",0.00348635251982632
"2016-12-09 00:00:00",0.00257392613633423
"2016-12-10 00:00:00",0.00240169823470393
"2016-12-11 00:00:00",-0.00634997204879717
"2016-12-12 00:00:00",0.0134539946524541
"2016-12-13 00:00:00",0.000601285516912853
"2016-12-14 00:00:00",0.00118503728681718
"2016-12-15 00:00:00",-0.00434176252762153
"2016-12-16 00:00:00",0.00876375022628695
"2016-12-17 00:00:00",0.00754483924312965
"2016-12-18 00:00:00",-0.000378021048720312
"2016-12-19 00:00:00",0.00276265280240229
"2016-12-20 00:00:00",0.0102962583141699
"2016-12-21 00:00:00",0.0417106143264927
"2016-12-22 00:00:00",0.0362695204402148
"2016-12-23 00:00:00",0.066444620794621
"2016-12-24 00:00:00",-0.0251218977486627
"2016-12-25 00:00:00",-0.00293610741430639
"2016-12-26 00:00:00",0.0127507464622323
"2016-12-27 00:00:00",0.0281927407398455
"2016-12-28 00:00:00",0.0457813058874565
"2016-12-29 00:00:00",-0.0024838198459094
"2016-12-30 00:00:00",-0.0125927793169008
"2016-12-31 00:00:00",0.00260601959404894
"2017-01-01 00:00:00",0.0358830431782933
"2017-01-02 00:00:00",0.0234642904048565
"2017-01-03 00:00:00",0.021619736726205
"2017-01-04 00:00:00",0.106232772850163
"2017-01-05 00:00:00",-0.122409548074607
"2017-01-06 00:00:00",-0.109711081185187
"2017-01-07 00:00:00",0.00707606517598247
"2017-01-08 00:00:00",0.00287694925263704
"2017-01-09 00:00:00",-0.00918676626035497
"2017-01-10 00:00:00",0.00537313085535751
"2017-01-11 00:00:00",-0.143136499478137
"2017-01-12 00:00:00",0.0348141698995068
"2017-01-13 00:00:00",0.0237937579435017
"2017-01-14 00:00:00",-0.00676229385417604
"2017-01-15 00:00:00",0.00413726467083131
"2017-01-16 00:00:00",0.0118472219548207
"2017-01-17 00:00:00",0.0918831837010268
"2017-01-18 00:00:00",-0.0234817876130105
"2017-01-19 00:00:00",0.0140477829988879
"2017-01-20 00:00:00",-0.00450129968200874
"2017-01-21 00:00:00",0.0299019246034173
"2017-01-22 00:00:00",0.00312866935586276
"2017-01-23 00:00:00",-0.00395918351994573
"2017-01-24 00:00:00",-0.0307542260707772
"2017-01-25 00:00:00",0.00991946772045127
"2017-01-26 00:00:00",0.0177961838077088
"2017-01-27 00:00:00",0.00235836314237403
"2017-01-28 00:00:00",0.00200057298178846
"2017-01-29 00:00:00",-0.00227221968407854
"2017-01-30 00:00:00",0.000963622492084149
"2017-01-31 00:00:00",0.0543480804355001
"2017-02-01 00:00:00",0.0191878989576306
"2017-02-02 00:00:00",0.0230297756166462
"2017-02-03 00:00:00",0.0178988399039199
"2017-02-04 00:00:00",0.0126127424446474
"2017-02-05 00:00:00",-0.0149199900680029
"2017-02-06 00:00:00",0.0105223765820086
"2017-02-07 00:00:00",0.0223473982215117
"2017-02-08 00:00:00",0.00162054933706446
"2017-02-09 00:00:00",-0.0646118820858849
"2017-02-10 00:00:00",-0.00574123353171263
"2017-02-11 00:00:00",0.0159567267112073
"2017-02-12 00:00:00",-0.00524563884419571
"2017-02-13 00:00:00",-0.00854599991755245
"2017-02-14 00:00:00",0.0140393387246445
"2017-02-15 00:00:00",0.002916720954657
"2017-02-16 00:00:00",0.0198117693614122
"2017-02-17 00:00:00",0.0182687272033937
"2017-02-18 00:00:00",0.00784745252487618
"2017-02-19 00:00:00",-0.00621199211573409
"2017-02-20 00:00:00",0.0306430999582157
"2017-02-21 00:00:00",0.0327043738347814
"2017-02-22 00:00:00",0.00191866933200524
"2017-02-23 00:00:00",0.0441008310083306
"2017-02-24 00:00:00",0.00596551286769742
"2017-02-25 00:00:00",-0.0254243802630048
"2017-02-26 00:00:00",0.0186739278525963
"2017-02-27 00:00:00",0.0126759531592187
"2017-02-28 00:00:00",0
"2017-03-01 00:00:00",0.0360433146988959
"2017-03-02 00:00:00",0.0233210715746421
"2017-03-03 00:00:00",0.0191684957021248
"2017-03-04 00:00:00",-0.0155608798152211
"2017-03-05 00:00:00",0.00953668547274789
"2017-03-06 00:00:00",0.00450625120156833
"2017-03-07 00:00:00",-0.0387246676334509
"2017-03-08 00:00:00",-0.0601043175179655
"2017-03-09 00:00:00",0.0334695565217391
"2017-03-10 00:00:00",-0.0603875670841788
"2017-03-11 00:00:00",0.0529317882146123
"2017-03-12 00:00:00",0.0387386362862829
"2017-03-13 00:00:00",0.00862961482655011
"2017-03-14 00:00:00",0.0065588315080618
"2017-03-15 00:00:00",0.0077499879032259
"2017-03-16 00:00:00",-0.049455371469363
"2017-03-17 00:00:00",-0.0737323937749208
"2017-03-18 00:00:00",-0.114895966568735
"2017-03-19 00:00:00",0.0646137137045075
"2017-03-20 00:00:00",0.0168701797641664
"2017-03-21 00:00:00",0.0628990450451807
"2017-03-22 00:00:00",-0.0637192974056682
"2017-03-23 00:00:00",-0.0100559018330837
"2017-03-24 00:00:00",-0.0973145796788873
"2017-03-25 00:00:00",0.03760876701065
"2017-03-26 00:00:00",-0.00622342387097941
"2017-03-27 00:00:00",0.0817658030591732
"2017-03-28 00:00:00",0.00131960562418887
"2017-03-29 00:00:00",-0.00685675675446484
"2017-03-30 00:00:00",-0.0130195268878587
"2017-03-31 00:00:00",0.0441919883612449
"2017-04-01 00:00:00",0.00812655527954576
"2017-04-02 00:00:00",0.0200555705691809
"2017-04-03 00:00:00",0.0377800278883282
"2017-04-04 00:00:00",-0.00923235367350439
"2017-04-05 00:00:00",-0.00747405338627838
"2017-04-06 00:00:00",0.0514767541271841
"2017-04-07 00:00:00",-0.00488723047323825
"2017-04-08 00:00:00",-0.000807267380937726
"2017-04-09 00:00:00",0.0101365232337172
"2017-04-10 00:00:00",-0.000622955376526679
"2017-04-11 00:00:00",0.0150615391108744
"2017-04-12 00:00:00",-0.00385060286760597
"2017-04-13 00:00:00",-0.025900319176172
"2017-04-14 00:00:00",-0.00148808664891686
"2017-04-15 00:00:00",0.00426536207209249
"2017-04-16 00:00:00",0.0088867744876544
"2017-04-17 00:00:00",0.00927358407623502
"2017-04-18 00:00:00",0.0148755010798409
"2017-04-19 00:00:00",-0.00113892804962334
"2017-04-20 00:00:00",0.0155251356241231
"2017-04-21 00:00:00",-0.00571964986141238
"2017-04-22 00:00:00",0.00790467788770588
"2017-04-23 00:00:00",-0.0198910464116966
"2017-04-24 00:00:00",0.0355696725401689
"2017-04-25 00:00:00",0.0122705001043939
"2017-04-26 00:00:00",0.0123193119844434
"2017-04-27 00:00:00",0.0286086936481582
"2017-04-28 00:00:00",-0.00094860101763794
"2017-04-29 00:00:00",0.00403352810575974
"2017-04-30 00:00:00",0.0197459318272257
"2017-05-01 00:00:00",0.0546854418236788
"2017-05-02 00:00:00",0.0219611497798731
"2017-05-03 00:00:00",0.0256535712512855
"2017-05-04 00:00:00",0.0319310102649197
"2017-05-05 00:00:00",0.0115628883253449
"2017-05-06 00:00:00",0.0150117964161998
"2017-05-07 00:00:00",0.0113440026882088
"2017-05-08 00:00:00",0.0793130988678037
"2017-05-09 00:00:00",0.0185742939308806
"2017-05-10 00:00:00",0.0180988630659711
"2017-05-11 00:00:00",0.0343791111044549
"2017-05-12 00:00:00",-0.0672573717153789
"2017-05-13 00:00:00",0.0467858560686787
"2017-05-14 00:00:00",0.00221617694214671
"2017-05-15 00:00:00",-0.0389626784501546
"2017-05-16 00:00:00",-0.00228948124248196
"2017-05-17 00:00:00",0.0603303744450334
"2017-05-18 00:00:00",0.026948142242216
"2017-05-19 00:00:00",0.0524501287910395
"2017-05-20 00:00:00",0.0488099475796711
"2017-05-21 00:00:00",-0.0208804158896396
"2017-05-22 00:00:00",0.0647658015743309
"2017-05-23 00:00:00",0.0676451765111012
"2017-05-24 00:00:00",0.0531024448772164
"2017-05-25 00:00:00",-0.0567431860141104
"2017-05-26 00:00:00",-0.0444949886289251
"2017-05-27 00:00:00",-0.0742591934291448
"2017-05-28 00:00:00",0.0573504216976817
"2017-05-29 00:00:00",0.0462983837700062
"2017-05-30 00:00:00",-0.0355292502686059
"2017-05-31 00:00:00",0.0509958503122909
"2017-06-01 00:00:00",0.0531269438443547
"2017-06-02 00:00:00",0.0335025706928089
"2017-06-03 00:00:00",0.0107693429797682
"2017-06-04 00:00:00",-0.00140737426683257
"2017-06-05 00:00:00",0.0696708731510021
"2017-06-06 00:00:00",0.0656503020781642
"2017-06-07 00:00:00",-0.0457669884194546
"2017-06-08 00:00:00",0.0268872274559602
"2017-06-09 00:00:00",0.0064833944872944
"2017-06-10 00:00:00",0.0438768541124459
"2017-06-11 00:00:00",0.00352821211638865
"2017-06-12 00:00:00",-0.100902337371988
"2017-06-13 00:00:00",0.021578241907579
"2017-06-14 00:00:00",-0.077529757399432
"2017-06-15 00:00:00",-0.016673530663548
"2017-06-16 00:00:00",0.0219023035533925
"2017-06-17 00:00:00",0.0545231484590933
"2017-06-18 00:00:00",-0.0405100564557422
"2017-06-19 00:00:00",0.0162108937239385
"2017-06-20 00:00:00",0.0510464689517478
"2017-06-21 00:00:00",-0.0120104565494004
"2017-06-22 00:00:00",0.00606515689472875
"2017-06-23 00:00:00",0.0146003752794708
"2017-06-24 00:00:00",-0.0496154501845816
"2017-06-25 00:00:00",-0.00740212027916431
"2017-06-26 00:00:00",-0.0428514467662237
"2017-06-27 00:00:00",0.029857371124296
"2017-06-28 00:00:00",0.00875240981365666
"2017-06-29 00:00:00",-0.0137758692797242
"2017-06-30 00:00:00",-0.0230297790093312
"2017-07-01 00:00:00",-0.0186590176545067
"2017-07-02 00:00:00",0.0295413610533666
"2017-07-03 00:00:00",0.0229765720979387
"2017-07-04 00:00:00",0.0146563782186353
"2017-07-05 00:00:00",0.000134567816607589
"2017-07-06 00:00:00",0.00252501701591856
"2017-07-07 00:00:00",-0.0344635143399624
"2017-07-08 00:00:00",0.0209159544522102
"2017-07-09 00:00:00",-0.0205729873099539
"2017-07-10 00:00:00",-0.0579247015682556
"2017-07-11 00:00:00",-0.0146550642071649
"2017-07-12 00:00:00",0.0261144277208549
"2017-07-13 00:00:00",-0.0170666590927839
"2017-07-14 00:00:00",-0.0528265911094644
"2017-07-15 00:00:00",-0.104990773353279
"2017-07-16 00:00:00",-0.0345397073922614
"2017-07-17 00:00:00",0.154724261514084
"2017-07-18 00:00:00",0.0405984421954051
"2017-07-19 00:00:00",-0.0195999591583847
"2017-07-20 00:00:00",0.239360869820729
"2017-07-21 00:00:00",-0.0531800407397629
"2017-07-22 00:00:00",0.0533631610288663
"2017-07-23 00:00:00",-0.0283689706065329
"2017-07-24 00:00:00",0.00895846977656389
"2017-07-25 00:00:00",-0.0647510654158963
"2017-07-26 00:00:00",-0.01825359768563
"2017-07-27 00:00:00",0.0562691813466127
"2017-07-28 00:00:00",0.051362754235184
"2017-07-29 00:00:00",-0.0293911587022077
"2017-07-30 00:00:00",0.011271060005605
"2017-07-31 00:00:00",0.0428554388593307
"2017-08-01 00:00:00",-0.0546300865958642
"2017-08-02 00:00:00",-0.00279225974412944
"2017-08-03 00:00:00",0.0346999305362123
"2017-08-04 00:00:00",0.0325022065047416
"2017-08-05 00:00:00",0.123285080645848
"2017-08-06 00:00:00",-0.0119800338940342
"2017-08-07 00:00:00",0.0513388560548711
"2017-08-08 00:00:00",0.0121339830585643
"2017-08-09 00:00:00",-0.0226524358136382
"2017-08-10 00:00:00",0.0116111912258672
"2017-08-11 00:00:00",0.0796562502040554
"2017-08-12 00:00:00",0.0641233096015397
"2017-08-13 00:00:00",0.0485364546884894
"2017-08-14 00:00:00",0.0618349607885698
"2017-08-15 00:00:00",-0.0331087645628514
"2017-08-16 00:00:00",0.0465573787236757
"2017-08-17 00:00:00",-0.0102681613938977
"2017-08-18 00:00:00",-0.0394926290501084
"2017-08-19 00:00:00",0.00795075663477118
"2017-08-20 00:00:00",-0.0252856136751093
"2017-08-21 00:00:00",-0.0210193420807264
"2017-08-22 00:00:00",0.0246842699043022
"2017-08-23 00:00:00",0.0124374468972841
"2017-08-24 00:00:00",0.0441188179552605
"2017-08-25 00:00:00",0.00851733472850347
"2017-08-26 00:00:00",-0.00439202936443883
"2017-08-27 00:00:00",0.00700302860175905
"2017-08-28 00:00:00",-0.0000501330188974469
"2017-08-29 00:00:00",0.0448038079637951
"2017-08-30 00:00:00",-0.00299632125216176
"2017-08-31 00:00:00",0.030247812388742
"2017-09-01 00:00:00",0.0401029094984471
"2017-09-02 00:00:00",-0.0640308913888624
"2017-09-03 00:00:00",0.000915080028413229
"2017-09-04 00:00:00",-0.0756388676641112
"2017-09-05 00:00:00",0.0330994955626782
"2017-09-06 00:00:00",0.0504030231340014
"2017-09-07 00:00:00",0.000600324970799315
"2017-09-08 00:00:00",-0.0806825161612594
"2017-09-09 00:00:00",-0.000636107833283939
"2017-09-10 00:00:00",-0.0244010062706969
"2017-09-11 00:00:00",0.00929678325382133
"2017-09-12 00:00:00",-0.00731987130217504
"2017-09-13 00:00:00",-0.0600899018484743
"2017-09-14 00:00:00",-0.187411011852354
"2017-09-15 00:00:00",0.152956489483151
"2017-09-16 00:00:00",-0.00343090372874433
"2017-09-17 00:00:00",-0.0116302594030465
"2017-09-18 00:00:00",0.134617984345081
"2017-09-19 00:00:00",-0.0344952232830528
"2017-09-20 00:00:00",-0.00484590204269875
"2017-09-21 00:00:00",-0.0703823437188738
"2017-09-22 00:00:00",-0.0000936613191667712
"2017-09-23 00:00:00",0.0445368532741086
"2017-09-24 00:00:00",-0.0288893093637677
"2017-09-25 00:00:00",0.0660441328399051
"2017-09-26 00:00:00",-0.00858873362318202
"2017-09-27 00:00:00",0.0792117400123959
"2017-09-28 00:00:00",-0.0061751916912457
"2017-09-29 00:00:00",-0.00279303237715023
"2017-09-30 00:00:00",0.0421900531159574
"2017-10-01 00:00:00",0.0149883890798297
"2017-10-02 00:00:00",0.00126701160911402
"2017-10-03 00:00:00",-0.0208285739446965
"2017-10-04 00:00:00",-0.0204100812066765
"2017-10-05 00:00:00",0.0234196890802623
"2017-10-06 00:00:00",0.00979572209468782
"2017-10-07 00:00:00",0.0128305914105153
"2017-10-08 00:00:00",0.041471515515046
"2017-10-09 00:00:00",0.0350375754153041
"2017-10-10 00:00:00",0.00208930682566577
"2017-10-11 00:00:00",0.00930360452927692
"2017-10-12 00:00:00",0.128547135504745
"2017-10-13 00:00:00",0.0367731060846233
"2017-10-14 00:00:00",0.0326851806953741
"2017-10-15 00:00:00",-0.0263384135870466
"2017-10-16 00:00:00",0.0083477135306349
"2017-10-17 00:00:00",-0.020972525324327
"2017-10-18 00:00:00",-0.00264379612535681
"2017-10-19 00:00:00",0.0210761248152718
"2017-10-20 00:00:00",0.0530663243605478
"2017-10-21 00:00:00",0.00335192047615385
"2017-10-22 00:00:00",-0.00384312216051697
"2017-10-23 00:00:00",-0.0129984420220088
"2017-10-24 00:00:00",-0.0680704749457708
"2017-10-25 00:00:00",0.0405598451216835
"2017-10-26 00:00:00",0.0267841479833952
"2017-10-27 00:00:00",-0.0209879326522425
"2017-10-28 00:00:00",-0.00481067973350979
"2017-10-29 00:00:00",0.0696600026884613
"2017-10-30 00:00:00",-0.00378954843368373
"2017-10-31 00:00:00",0.0551127111113123
"2017-11-01 00:00:00",0.0462108344457148
"2017-11-02 00:00:00",0.0459842889252786
"2017-11-03 00:00:00",0.0182608979303525
"2017-11-04 00:00:00",0.0238895904677965
"2017-11-05 00:00:00",0.0037208870350649
"2017-11-06 00:00:00",-0.0519277833816767
"2017-11-07 00:00:00",0.0173179947844453
"2017-11-08 00:00:00",0.0441339994742269
"2017-11-09 00:00:00",-0.0423757375306706
"2017-11-10 00:00:00",-0.0735541472570862
"2017-11-11 00:00:00",-0.0393675615213103
"2017-11-12 00:00:00",-0.064101275279677
"2017-11-13 00:00:00",0.102422396379596
"2017-11-14 00:00:00",0.0116258677548937
"2017-11-15 00:00:00",0.1024435879893
"2017-11-16 00:00:00",0.0760230822379617
"2017-11-17 00:00:00",-0.0206689679369321
"2017-11-18 00:00:00",0.0105279246096397
"2017-11-19 00:00:00",0.0316220271880463
"2017-11-20 00:00:00",0.0204255102937265
"2017-11-21 00:00:00",-0.0157768037072027
"2017-11-22 00:00:00",0.0225850789449118
"2017-11-23 00:00:00",-0.0260227162947374
"2017-11-24 00:00:00",0.0267354843421681
"2017-11-25 00:00:00",0.0650896101030529
"2017-11-26 00:00:00",0.0613849162303861
"2017-11-27 00:00:00",0.0522798564065969
"2017-11-28 00:00:00",0.0244898792134669
"2017-11-29 00:00:00",-0.0169194592097761
"2017-11-30 00:00:00",0.0348875367437473
"2017-12-01 00:00:00",0.0725062566789738
"2017-12-02 00:00:00",0.00902000833911787
"2017-12-03 00:00:00",0.0224478170567872
"2017-12-04 00:00:00",0.0294969614815681
"2017-12-05 00:00:00",0.0222609199172288
"2017-12-06 00:00:00",0.199283339023366
"2017-12-07 00:00:00",0.252471694293811
"2017-12-08 00:00:00",-0.0743196191021984
"2017-12-09 00:00:00",-0.0839620120928249
"2017-12-10 00:00:00",0.0182630478211321
"2017-12-11 00:00:00",0.0958500169858203
"2017-12-12 00:00:00",0.0282579700965071
"2017-12-13 00:00:00",-0.0578339371697998
"2017-12-14 00:00:00",0.00949530042392399
"2017-12-15 00:00:00",0.0689990576551558
"2017-12-16 00:00:00",0.101118770674853
"2017-12-17 00:00:00",-0.0182895977334806
"2017-12-18 00:00:00",-0.00138978312894877
"2017-12-19 00:00:00",-0.0699741581991303
"2017-12-20 00:00:00",-0.0648095349877224
"2017-12-21 00:00:00",-0.0494267072486462
"2017-12-22 00:00:00",-0.124730305021892
"2017-12-23 00:00:00",0.062710594588453
"2017-12-24 00:00:00",-0.0526151341392761
"2017-12-25 00:00:00",0.00723834935238754
"2017-12-26 00:00:00",0.147804903097808
"2017-12-27 00:00:00",-0.0162300033643182
"2017-12-28 00:00:00",-0.0777851437951826
"2017-12-29 00:00:00",0.00340260808544146
"2017-12-30 00:00:00",-0.116264787416136
"2017-12-31 00:00:00",0.0929726361444647
"2018-01-01 00:00:00",-0.0352632153804698
"2018-01-02 00:00:00",0.0970110560790531
"2018-01-03 00:00:00",0.0146107953299484
"2018-01-04 00:00:00",0.0261956578514571
"2018-01-05 00:00:00",0.117332926183399
"2018-01-06 00:00:00",0.00559396425600278
"2018-01-07 00:00:00",-0.0598733605865236
"2018-01-08 00:00:00",-0.0793501499627317
"2018-01-09 00:00:00",-0.0378836812422146
"2018-01-10 00:00:00",0.0258916784655683
"2018-01-11 00:00:00",-0.104686343051554
"2018-01-12 00:00:00",0.0428769497054264
"2018-01-13 00:00:00",0.0271519531791491
"2018-01-14 00:00:00",-0.0409604453289447
"2018-01-15 00:00:00",0.00347079618065638
"2018-01-16 00:00:00",-0.168548013565092
"2018-01-17 00:00:00",-0.0262739124494147
"2018-01-18 00:00:00",0.0255886162705921
"2018-01-19 00:00:00",0.0115469411920928
"2018-01-20 00:00:00",0.111291052301566
"2018-01-21 00:00:00",-0.10071171594837
"2018-01-22 00:00:00",-0.0576459893052287
"2018-01-23 00:00:00",-0.0057632140207643
"2018-01-24 00:00:00",0.0451768413322895
"2018-01-25 00:00:00",-0.00880328156046239
"2018-01-26 00:00:00",-0.00781569150612504
"2018-01-27 00:00:00",0.0241061813715813
"2018-01-28 00:00:00",0.0302079072180426
"2018-01-29 00:00:00",-0.0415651580313761
"2018-01-30 00:00:00",-0.105352195815241
"2018-01-31 00:00:00",0.0113592319854992
"2018-02-01 00:00:00",-0.102783419611228
"2018-02-02 00:00:00",-0.0370523477957632
"2018-02-03 00:00:00",0.0389729248365087
"2018-02-04 00:00:00",-0.0978647610421354
"2018-02-05 00:00:00",-0.159688073756949
"2018-02-06 00:00:00",0.114838097975095
"2018-02-07 00:00:00",-0.0171137728914109
"2018-02-08 00:00:00",0.0845380782130247
"2018-02-09 00:00:00",0.0570304883132065
"2018-02-10 00:00:00",-0.0131716075603374
"2018-02-11 00:00:00",-0.0570558871816128
"2018-02-12 00:00:00",0.0979831508521707
"2018-02-13 00:00:00",-0.0367734450623154
"2018-02-14 00:00:00",0.104243782536897
"2018-02-15 00:00:00",0.070752679807224
"2018-02-16 00:00:00",0.00663951815824171
"2018-02-17 00:00:00",0.0858714439680146
"2018-02-18 00:00:00",-0.0504738164584309
"2018-02-19 00:00:00",0.0638279736581868
"2018-02-20 00:00:00",0.0158927060389547
"2018-02-21 00:00:00",-0.06254985590666
"2018-02-22 00:00:00",-0.0641136314760504
"2018-02-23 00:00:00",0.0295951633183409
"2018-02-24 00:00:00",-0.0473764272285663
"2018-02-25 00:00:00",-0.0151165577406986
"2018-02-26 00:00:00",0.0726321058048742
"2018-02-27 00:00:00",0.0346204102799368
"2018-02-28 00:00:00",-0.0305529974962915
"2018-03-01 00:00:00",0.0531933936853966
"2018-03-02 00:00:00",0.0123642033604237
"2018-03-03 00:00:00",0.0363778854972081
"2018-03-04 00:00:00",0.00199303842670906
"2018-03-05 00:00:00",0.0052725012648358
"2018-03-06 00:00:00",-0.0685542954358817
"2018-03-07 00:00:00",-0.0755415215784251
"2018-03-08 00:00:00",-0.0572531755915373
"2018-03-09 00:00:00",-0.00611600865045858
"2018-03-10 00:00:00",-0.0505003790981119
"2018-03-11 00:00:00",0.0803778347620121
"2018-03-12 00:00:00",-0.0389940701919069
"2018-03-13 00:00:00",-0.00111573861823178
"2018-03-14 00:00:00",-0.100604151055887
"2018-03-15 00:00:00",0.00375471547889594
"2018-03-16 00:00:00",0.00451630980528051
"2018-03-17 00:00:00",-0.0505459408352329
"2018-03-18 00:00:00",0.0387526158706533
"2018-03-19 00:00:00",0.0494876647000067
"2018-03-20 00:00:00",0.0327691799791732
"2018-03-21 00:00:00",0.00177378130898997
"2018-03-22 00:00:00",-0.0224889957376748
"2018-03-23 00:00:00",0.0173169403947686
"2018-03-24 00:00:00",-0.0238185865175791
"2018-03-25 00:00:00",-0.019882032283102
"2018-03-26 00:00:00",-0.0337084850122749
"2018-03-27 00:00:00",-0.0458450476374138
"2018-03-28 00:00:00",0.0155035516728321
"2018-03-29 00:00:00",-0.0991617034656236
"2018-03-30 00:00:00",-0.038402412536323
"2018-03-31 00:00:00",0.012046952154418
"2018-04-01 00:00:00",-0.0185415146972087
"2018-04-02 00:00:00",0.0350031816143033
"2018-04-03 00:00:00",0.0525579587578422
"2018-04-04 00:00:00",-0.0807753681297922
"2018-04-05 00:00:00",-0.00618188197628966
"2018-04-06 00:00:00",-0.0257140360996205
"2018-04-07 00:00:00",0.0414039749872066
"2018-04-08 00:00:00",0.0162680819578129
"2018-04-09 00:00:00",-0.0359919298699457
"2018-04-10 00:00:00",0.00945685120941708
"2018-04-11 00:00:00",0.0195412951694958
"2018-04-12 00:00:00",0.132159573506969
"2018-04-13 00:00:00",0.000850519504388858
"2018-04-14 00:00:00",0.0114337298372733
"2018-04-15 00:00:00",0.0429326075792575
"2018-04-16 00:00:00",-0.0324693056726114
"2018-04-17 00:00:00",-0.019430015066449
"2018-04-18 00:00:00",0.0330710081964489
"2018-04-19 00:00:00",0.0160336781949999
"2018-04-20 00:00:00",0.0664938417532446
"2018-04-21 00:00:00",0.00562411888554482
"2018-04-22 00:00:00",-0.0104681331833884
"2018-04-23 00:00:00",0.0145890947040912
"2018-04-24 00:00:00",0.0858392596298678
"2018-04-25 00:00:00",-0.0878329225058004
"2018-04-26 00:00:00",0.0492632069756072
"2018-04-27 00:00:00",-0.0317254378246375
"2018-04-28 00:00:00",0.0402168310894322
"2018-04-29 00:00:00",0.0075519876448491
"2018-04-30 00:00:00",-0.0189541092677395
"2018-05-01 00:00:00",-0.0131529012412483
"2018-05-02 00:00:00",0.0128204880792975
"2018-05-03 00:00:00",0.0549961925059663
"2018-05-04 00:00:00",-0.00442335834494523
"2018-05-05 00:00:00",0.0162245668170895
"2018-05-06 00:00:00",-0.0206276611671138
"2018-05-07 00:00:00",-0.0291865232517891
"2018-05-08 00:00:00",-0.0147433382072504
"2018-05-09 00:00:00",0.00978463813451791
"2018-05-10 00:00:00",-0.0301591248007702
"2018-05-11 00:00:00",-0.0666136846724011
"2018-05-12 00:00:00",0.00751045280425067
"2018-05-13 00:00:00",0.0257558641047755
"2018-05-14 00:00:00",-0.00081962859070106
"2018-05-15 00:00:00",-0.0236796062629128
"2018-05-16 00:00:00",-0.0166326071157826
"2018-05-17 00:00:00",-0.0328015088658131
"2018-05-18 00:00:00",0.0193530656566752
"2018-05-19 00:00:00",-0.000459344674068718
"2018-05-20 00:00:00",0.0322619758591103
"2018-05-21 00:00:00",-0.0110721247467183
"2018-05-22 00:00:00",-0.0448047139283569
"2018-05-23 00:00:00",-0.06018070302083
"2018-05-24 00:00:00",0.00390589094308114
"2018-05-25 00:00:00",-0.0141287604356845
"2018-05-26 00:00:00",-0.0166120221980008
"2018-05-27 00:00:00",0.0016776146696631
"2018-05-28 00:00:00",-0.0315177850584912
"2018-05-29 00:00:00",0.0471692924124594
"2018-05-30 00:00:00",-0.00884162323629334
"2018-05-31 00:00:00",0.0118341544697533
"2018-06-01 00:00:00",0.00630894061545151
"2018-06-02 00:00:00",0.0135252500994605
"2018-06-03 00:00:00",0.0100477929522245
"2018-06-04 00:00:00",-0.026654549399307
"2018-06-05 00:00:00",0.0158746455288199
"2018-06-06 00:00:00",0.00264878835853066
"2018-06-07 00:00:00",0.00316962600678239
"2018-06-08 00:00:00",-0.00694434015803413
"2018-06-09 00:00:00",-0.0121889728614516
"2018-06-10 00:00:00",-0.0990390258578462
"2018-06-11 00:00:00",0.0178160249518391
"2018-06-12 00:00:00",-0.0469905634733375
"2018-06-13 00:00:00",-0.0353155959015059
"2018-06-14 00:00:00",0.0512528072918903
"2018-06-15 00:00:00",-0.0327728159254966
"2018-06-16 00:00:00",0.0144937531742018
"2018-06-17 00:00:00",-0.00776929644283342
"2018-06-18 00:00:00",0.0362425015848165
"2018-06-19 00:00:00",0.00521470773053889
"2018-06-20 00:00:00",0.000976354894962839
"2018-06-21 00:00:00",-0.00690758163770333
"2018-06-22 00:00:00",-0.0959992912855722
"2018-06-23 00:00:00",0.0129510280379361
"2018-06-24 00:00:00",0.00174442757378346
"2018-06-25 00:00:00",0.0123031534943721
"2018-06-26 00:00:00",-0.0248849048387559
"2018-06-27 00:00:00",0.0104140791694165
"2018-06-28 00:00:00",-0.041202629605142
"2018-06-29 00:00:00",0.0533349821708637
"2018-06-30 00:00:00",0.0298634998027407
"2018-07-01 00:00:00",-0.00283887820112427
"2018-07-02 00:00:00",0.0357605379252555
"2018-07-03 00:00:00",-0.01278923914213
"2018-07-04 00:00:00",0.010407998453754
"2018-07-05 00:00:00",0.00630390572701423
"2018-07-06 00:00:00",0.00517534835701272
"2018-07-07 00:00:00",0.0274863528882894
"2018-07-08 00:00:00",-0.0121118767244686
"2018-07-09 00:00:00",-0.00474320235300218
"2018-07-10 00:00:00",-0.0610820343382652
"2018-07-11 00:00:00",0.0102306912384797
"2018-07-12 00:00:00",-0.02594330360748
"2018-07-13 00:00:00",0.00148338862679709
"2018-07-14 00:00:00",0.00610291889133152
"2018-07-15 00:00:00",0.0133075878796154
"2018-07-16 00:00:00",0.0600835668007231
"2018-07-17 00:00:00",0.0859257669002855
"2018-07-18 00:00:00",0.00679408195215836
"2018-07-19 00:00:00",0.0130352663900675
"2018-07-20 00:00:00",-0.015097374541419
"2018-07-21 00:00:00",0.00886034881578945
"2018-07-22 00:00:00",-0.000107800745866027
"2018-07-23 00:00:00",0.0394446335804126
"2018-07-24 00:00:00",0.0924846981394902
"2018-07-25 00:00:00",-0.0288309144319565
"2018-07-26 00:00:00",-0.0280893656397944
"2018-07-27 00:00:00",0.0268411669009667
"2018-07-28 00:00:00",0.00332401623241352
"2018-07-29 00:00:00",0.00321155847296284
"2018-07-30 00:00:00",-0.00462130145796547
"2018-07-31 00:00:00",-0.0489017808219122
"2018-08-01 00:00:00",-0.019989844556272
"2018-08-02 00:00:00",-0.0075752045359575
"2018-08-03 00:00:00",-0.0175442229530713
"2018-08-04 00:00:00",-0.0540111605122238
"2018-08-05 00:00:00",0.00506620808114944
"2018-08-06 00:00:00",-0.016507109778926
"2018-08-07 00:00:00",-0.0285796043575797
"2018-08-08 00:00:00",-0.0662390575393346
"2018-08-09 00:00:00",0.0416172703091389
"2018-08-10 00:00:00",-0.0583901629766016
"2018-08-11 00:00:00",0.0179507235909329
"2018-08-12 00:00:00",0.00428226132404741
"2018-08-13 00:00:00",-0.00397301104979164
"2018-08-14 00:00:00",-0.0155393057536348
"2018-08-15 00:00:00",0.0175508305524747
"2018-08-16 00:00:00",0.004154692371096
"2018-08-17 00:00:00",0.038817740263019
"2018-08-18 00:00:00",-0.0238381613597884
"2018-08-19 00:00:00",0.0128133773675123
"2018-08-20 00:00:00",-0.0303624222216771
"2018-08-21 00:00:00",0.028569252605978
"2018-08-22 00:00:00",-0.0172682930237489
"2018-08-23 00:00:00",0.0248043149158998
"2018-08-24 00:00:00",0.0283218791031603
"2018-08-25 00:00:00",0.00643307106751978
"2018-08-26 00:00:00",-0.00826979213772161
"2018-08-27 00:00:00",0.0264460267215481
"2018-08-28 00:00:00",0.0307408439349774
"2018-08-29 00:00:00",-0.006921884492749
"2018-08-30 00:00:00",-0.0097812699689126
"2018-08-31 00:00:00",0.00850503611518971
"2018-09-01 00:00:00",0.0221198082685603
"2018-09-02 00:00:00",0.0110478872554132
"2018-09-03 00:00:00",-0.00174077313931154
"2018-09-04 00:00:00",0.0139943879491808
"2018-09-05 00:00:00",-0.0772692661636091
"2018-09-06 00:00:00",-0.0388144783503298
"2018-09-07 00:00:00",-0.00951117810408852
"2018-09-08 00:00:00",-0.037279610482214
"2018-09-09 00:00:00",0.0120270034983312
"2018-09-10 00:00:00",0.00457720575081466
"2018-09-11 00:00:00",-0.00134287560834467
"2018-09-12 00:00:00",0.0048407911561168
"2018-09-13 00:00:00",0.0260572214303283
"2018-09-14 00:00:00",-0.000705827704736595
"2018-09-15 00:00:00",0.00468165083085004
"2018-09-16 00:00:00",-0.00397665029718697
"2018-09-17 00:00:00",-0.0362089085505128
"2018-09-18 00:00:00",0.0143443302558197
"2018-09-19 00:00:00",0.00427545945626728
"2018-09-20 00:00:00",0.0189308627064448
"2018-09-21 00:00:00",0.0330201184378305
"2018-09-22 00:00:00",-0.0019258071143019
"2018-09-23 00:00:00",-0.00168850502884133
"2018-09-24 00:00:00",-0.0171697335434763
"2018-09-25 00:00:00",-0.0225823621999468
"2018-09-26 00:00:00",0.00752811746296111
"2018-09-27 00:00:00",0.027983063895304
"2018-09-28 00:00:00",-0.00488562803759318
"2018-09-29 00:00:00",-0.00634694425644777
"2018-09-30 00:00:00",0.00357471086456362
"2018-10-01 00:00:00",-0.00542443833879069
"2018-10-02 00:00:00",-0.0050867908020259
"2018-10-03 00:00:00",-0.0081619031436575
"2018-10-04 00:00:00",0.0113954745382523
"2018-10-05 00:00:00",0.00696247495484603
"2018-10-06 00:00:00",-0.0051596865680521
"2018-10-07 00:00:00",0.00222213828263906
"2018-10-08 00:00:00",0.0074632980023559
"2018-10-09 00:00:00",-0.00144159823530332
"2018-10-10 00:00:00",-0.00859753815081621
"2018-10-11 00:00:00",-0.0500019834015525
"2018-10-12 00:00:00",0.00293144817239122
"2018-10-13 00:00:00",0.00181847324572471
"2018-10-14 00:00:00",0.000785865363468252
"2018-10-15 00:00:00",0.0485794396774435
"2018-10-16 00:00:00",-0.0000652123685230821
"2018-10-17 00:00:00",-0.00783487359570678
"2018-10-18 00:00:00",-0.0103477633925023
"2018-10-19 00:00:00",-0.00174468288190177
"2018-10-20 00:00:00",0.00367800099703364
"2018-10-21 00:00:00",-0.00105403649179447
"2018-10-22 00:00:00",0.000742023791878266
"2018-10-23 00:00:00",-0.00176038847899229
"2018-10-24 00:00:00",0.00310383203675624
"2018-10-25 00:00:00",-0.00300958851657296
"2018-10-26 00:00:00",-0.000237796483901542
"2018-10-27 00:00:00",0.000869513571952529
"2018-10-28 00:00:00",0.000927453962346725
"2018-10-29 00:00:00",-0.0237050579370663
"2018-10-30 00:00:00",0.000258997767168312
"2018-10-31 00:00:00",-0.00263016210982436
"2018-11-01 00:00:00",0.00952415918437666
"2018-11-02 00:00:00",0.00167145250531719
"2018-11-03 00:00:00",-0.00425458723115812
"2018-11-04 00:00:00",0.0023376056861375
"2018-11-05 00:00:00",0.00682706811165512
"2018-11-06 00:00:00",0.00644109018159678
"2018-11-07 00:00:00",0.0106996233566752
"2018-11-08 00:00:00",-0.0117026465583797
"2018-11-09 00:00:00",-0.0105520685327695
"2018-11-10 00:00:00",0.0036958192889005
"2018-11-11 00:00:00",0.000319821277977361
"2018-11-12 00:00:00",-0.00623901346772471
"2018-11-13 00:00:00",-0.00184889134552801
"2018-11-14 00:00:00",-0.0976713719409731
"2018-11-15 00:00:00",-0.0157397703969787
"2018-11-16 00:00:00",-0.0128327899743893
"2018-11-17 00:00:00",-0.00380585372602549
"2018-11-18 00:00:00",0.0124605416005312
"2018-11-19 00:00:00",-0.133732453185082
"2018-11-20 00:00:00",-0.0861379366156396
"2018-11-21 00:00:00",0.0337610489636841
"2018-11-22 00:00:00",-0.0513301301350777
"2018-11-23 00:00:00",-0.00431294938878313
"2018-11-24 00:00:00",-0.107278138279709
"2018-11-25 00:00:00",0.0332950145505133
"2018-11-26 00:00:00",-0.0575665378218364
"2018-11-27 00:00:00",0.0110052020670388
"2018-11-28 00:00:00",0.11429781672424
"2018-11-29 00:00:00",0.00503280352714985
"2018-11-30 00:00:00",-0.0611328576512584
"2018-12-01 00:00:00",0.0491386914510126
"2018-12-02 00:00:00",-0.0177460896644535
"2018-12-03 00:00:00",-0.0593609461813286
"2018-12-04 00:00:00",0.0161173166163495
"2018-12-05 00:00:00",-0.0512773241605011
"2018-12-06 00:00:00",-0.0620387277763872
"2018-12-07 00:00:00",-0.0287309360947426
"2018-12-08 00:00:00",0.0164264680299153
"2018-12-09 00:00:00",0.039733909577909
"2018-12-10 00:00:00",-0.030871924015719
"2018-12-11 00:00:00",-0.0222881924077817
"2018-12-12 00:00:00",0.0182100905398366
"2018-12-13 00:00:00",-0.0496918336397402
"2018-12-14 00:00:00",-0.0214844047005295
"2018-12-15 00:00:00",-0.00176504879492478
"2018-12-16 00:00:00",0.00496712251186859
"2018-12-17 00:00:00",0.0900830397695007
"2018-12-18 00:00:00",0.0423576043529101
"2018-12-19 00:00:00",0.0134985942846462
"2018-12-20 00:00:00",0.103709513224334
"2018-12-21 00:00:00",-0.0575404708009061
"2018-12-22 00:00:00",0.0301905804289604
"2018-12-23 00:00:00",-0.00378717000457784
"2018-12-24 00:00:00",0.019909799879043
"2018-12-25 00:00:00",-0.0645095019624019
"2018-12-26 00:00:00",0.0109571447122085
"2018-12-27 00:00:00",-0.052488589584734
"2018-12-28 00:00:00",0.073624477091637
"2018-12-29 00:00:00",-0.0263792442931147
"2018-12-30 00:00:00",0.0119212235348776
"2018-12-31 00:00:00",-0.0318814557685952
"2019-01-01 00:00:00",0.0269376570856248
"2019-01-02 00:00:00",0.0259890422009561
"2019-01-03 00:00:00",-0.0270497433897698
"2019-01-04 00:00:00",0.00546722253246079
"2019-01-05 00:00:00",-0.00324620683237176
"2019-01-06 00:00:00",0.0601888885425403
"2019-01-07 00:00:00",-0.012604588748897
"2019-01-08 00:00:00",0.00139112139057862
"2019-01-09 00:00:00",0.00110361073162779
"2019-01-10 00:00:00",-0.0883136681479154
"2019-01-11 00:00:00",0.00229439822971145
"2019-01-12 00:00:00",-0.00706858437234936
"2019-01-13 00:00:00",-0.0295927319988665
"2019-01-14 00:00:00",0.0430906672882154
"2019-01-15 00:00:00",-0.0203388802954292
"2019-01-16 00:00:00",0.00670165769076392
"2019-01-17 00:00:00",0.00644516687847863
"2019-01-18 00:00:00",-0.00563388599387848
"2019-01-19 00:00:00",0.0193362794632626
"2019-01-20 00:00:00",-0.0342100974740369
"2019-01-21 00:00:00",-0.00693726913458936
"2019-01-22 00:00:00",0.00798221974534186
"2019-01-23 00:00:00",-0.00539705496684795
"2019-01-24 00:00:00",0.0043910437085759
"2019-01-25 00:00:00",-0.000305373807050868
"2019-01-26 00:00:00",0.000748543126986467
"2019-01-27 00:00:00",-0.00513388814723392
"2019-01-28 00:00:00",-0.0316731204205513
"2019-01-29 00:00:00",-0.00643533062712043
"2019-01-30 00:00:00",0.0110392711817024
"2019-01-31 00:00:00",-0.00814326931968379
"2019-02-01 00:00:00",0.00872018376983563
"2019-02-02 00:00:00",0.00949426525598729
"2019-02-03 00:00:00",-0.0162017546376408
"2019-02-04 00:00:00",-0.00140281644427853
"2019-02-05 00:00:00",0.00208240768975076
"2019-02-06 00:00:00",-0.0151714302934339
"2019-02-07 00:00:00",-0.00418778978109413
"2019-02-08 00:00:00",0.0786323929605437
"2019-02-09 00:00:00",0.00120632807822463
"2019-02-10 00:00:00",0.00517122475385845
"2019-02-11 00:00:00",-0.0113158368556632
"2019-02-12 00:00:00",0.00139728570157649
"2019-02-13 00:00:00",-0.00587322820230185
"2019-02-14 00:00:00",-0.00418210432909283
"2019-02-15 00:00:00",0.00108655279319492
"2019-02-16 00:00:00",0.00247922565363345
"2019-02-17 00:00:00",0.0121353062157881
"2019-02-18 00:00:00",0.0658380398628238
"2019-02-19 00:00:00",0.00801389584506595
"2019-02-20 00:00:00",0.013358199364228
"2019-02-21 00:00:00",-0.0114261108339015
"2019-02-22 00:00:00",0.0130012419628842
"2019-02-23 00:00:00",0.0342028046009655
"2019-02-24 00:00:00",-0.0801683070802929
"2019-02-25 00:00:00",0.0189660606820785
"2019-02-26 00:00:00",-0.00729863396225061
"2019-02-27 00:00:00",-0.000858910116108058
"2019-02-28 00:00:00",0.000970654642140856
"2019-03-01 00:00:00",0.00124477487125474
"2019-03-02 00:00:00",0.00125176685504425
"2019-03-03 00:00:00",-0.00446102652691804
"2019-03-04 00:00:00",-0.0222549363153209
"2019-03-05 00:00:00",0.0358409739308787
"2019-03-06 00:00:00",0.00194222245035447
"2019-03-07 00:00:00",0.00193182859498009
"2019-03-08 00:00:00",-0.0026467657818523
"2019-03-09 00:00:00",0.0159395107633682
"2019-03-10 00:00:00",-0.00295557400312085
"2019-03-11 00:00:00",-0.0117351353156518
"2019-03-12 00:00:00",0.00100607588322199
"2019-03-13 00:00:00",-0.000623910850327314
"2019-03-14 00:00:00",0.00451833463040052
"2019-03-15 00:00:00",0.00931155828798724
"2019-03-16 00:00:00",0.0221703274957066
"2019-03-17 00:00:00",-0.0058035112740642
"2019-03-18 00:00:00",0.00180817538400113
"2019-03-19 00:00:00",0.00959275678676974
"2019-03-20 00:00:00",0.00400033681944034
"2019-03-21 00:00:00",-0.0142262387537091
"2019-03-22 00:00:00",-0.00132990996453541
"2019-03-23 00:00:00",0.00294688059843362
"2019-03-24 00:00:00",-0.00338423945733946
"2019-03-25 00:00:00",-0.014692984696411
"2019-03-26 00:00:00",0.00555383854095726
"2019-03-27 00:00:00",0.0255917899377325
"2019-03-28 00:00:00",-0.00439410160935871
"2019-03-29 00:00:00",0.0071925689640806
"2019-03-30 00:00:00",0.00202169030081056
"2019-03-31 00:00:00",-0.000305810306256982
"2019-04-01 00:00:00",0.012855934320176
"2019-04-02 00:00:00",0.173560135947885
"2019-04-03 00:00:00",0.0190873715154591
"2019-04-04 00:00:00",-0.0100991198656825
"2019-04-05 00:00:00",0.0231336538377838
"2019-04-06 00:00:00",0.00459354688172242
"2019-04-07 00:00:00",0.0274870769975377
"2019-04-08 00:00:00",0.0174794814115276
"2019-04-09 00:00:00",-0.0160333027770263
"2019-04-10 00:00:00",0.0229767945492565
"2019-04-11 00:00:00",-0.0488424146895108
"2019-04-12 00:00:00",0.00494645678376893
"2019-04-13 00:00:00",0.00138467608024317
"2019-04-14 00:00:00",0.0139575268727132
"2019-04-15 00:00:00",-0.0194696554360118
"2019-04-16 00:00:00",0.0332440434995407
"2019-04-17 00:00:00",0.0031283032464855
"2019-04-18 00:00:00",0.00884392658598165
"2019-04-19 00:00:00",0.00102422856021644
"2019-04-20 00:00:00",0.00642438434616599
"2019-04-21 00:00:00",-0.00437532367564153
"2019-04-22 00:00:00",0.0159626465645488
"2019-04-23 00:00:00",0.0320401703723678
"2019-04-24 00:00:00",-0.0192907640511331
"2019-04-25 00:00:00",-0.0465429603336058
"2019-04-26 00:00:00",0.0132103087206461
"2019-04-27 00:00:00",-0.00209441179030256
"2019-04-28 00:00:00",0.0031980283452131
"2019-04-29 00:00:00",-0.0071495981195695
"2019-04-30 00:00:00",0.0197002246812448
"2019-05-01 00:00:00",0.00971283103109299
"2019-05-02 00:00:00",0.018988001723804
"2019-05-03 00:00:00",0.0477733527937825
"2019-05-04 00:00:00",0.0109006194026962
"2019-05-05 00:00:00",-0.00608094075871057
"2019-05-06 00:00:00",-0.0084375132106369
"2019-05-07 00:00:00",0.014389613944533
"2019-05-08 00:00:00",0.0262382737045936
"2019-05-09 00:00:00",0.0321057505812428
"2019-05-10 00:00:00",0.0330908346726284
"2019-05-11 00:00:00",0.12947827222954
"2019-05-12 00:00:00",-0.0322563876614411
"2019-05-13 00:00:00",0.12084029760765
"2019-05-14 00:00:00",0.0229690247564058
"2019-05-15 00:00:00",0.026362395024002
"2019-05-16 00:00:00",-0.0390313507547893
"2019-05-17 00:00:00",-0.0686138114782953
"2019-05-18 00:00:00",-0.00989767622930071
"2019-05-19 00:00:00",0.12741781612913
"2019-05-20 00:00:00",-0.0267612444040214
"2019-05-21 00:00:00",-0.00187777194967276
"2019-05-22 00:00:00",-0.0355707116311382
"2019-05-23 00:00:00",0.0262732460024513
"2019-05-24 00:00:00",0.0133883474627547
"2019-05-25 00:00:00",0.00815942545440973
"2019-05-26 00:00:00",0.0770777383196259
"2019-05-27 00:00:00",0.015284123299955
"2019-05-28 00:00:00",-0.00974546517995922
"2019-05-29 00:00:00",-0.00693519187313263
"2019-05-30 00:00:00",-0.039264986138807
"2019-05-31 00:00:00",0.0306545027004896
"2019-06-01 00:00:00",-0.00122285248256693
"2019-06-02 00:00:00",0.0208945655194328
"2019-06-03 00:00:00",-0.0610734822827024
"2019-06-04 00:00:00",-0.0610579143800458
"2019-06-05 00:00:00",0.0151094848381508
"2019-06-06 00:00:00",-0.000282201135730853
"2019-06-07 00:00:00",0.0283721642819246
"2019-06-08 00:00:00",-0.0111665573397144
"2019-06-09 00:00:00",-0.0334481396755709
"2019-06-10 00:00:00",0.0406151546074469
"2019-06-11 00:00:00",-0.00907653043329182
"2019-06-12 00:00:00",0.0275165144998466
"2019-06-13 00:00:00",0.0104429038704086
"2019-06-14 00:00:00",0.0562402458913873
"2019-06-15 00:00:00",0.0166258072667136
"2019-06-16 00:00:00",0.0176631203134061
"2019-06-17 00:00:00",0.036229327096724
"2019-06-18 00:00:00",-0.0255988003674374
"2019-06-19 00:00:00",0.0211147103750657
"2019-06-20 00:00:00",0.0273508475111222
"2019-06-21 00:00:00",0.0648038318754594
"2019-06-22 00:00:00",0.0549195775346454
"2019-06-23 00:00:00",0.0143603176516414
"2019-06-24 00:00:00",0.0143460268333042
"2019-06-25 00:00:00",0.0708207420862708
"2019-06-26 00:00:00",0.103920200085486
"2019-06-27 00:00:00",-0.140856807267689
"2019-06-28 00:00:00",0.109500721000618
"2019-06-29 00:00:00",-0.0361045336645106
"2019-06-30 00:00:00",-0.0955080172713303
"2019-07-01 00:00:00",-0.0216342005909931
"2019-07-02 00:00:00",0.0206501167028605
"2019-07-03 00:00:00",0.107352934012279
"2019-07-04 00:00:00",-0.0623539189604438
"2019-07-05 00:00:00",-0.0211295849136514
"2019-07-06 00:00:00",0.0209583876807291
"2019-07-07 00:00:00",0.0216170585951865
"2019-07-08 00:00:00",0.0729300942836482
"2019-07-09 00:00:00",0.0234295519985144
"2019-07-10 00:00:00",-0.0331880092056407
"2019-07-11 00:00:00",-0.0656315348009431
"2019-07-12 00:00:00",0.04026215540276
"2019-07-13 00:00:00",-0.0358503649412822
"2019-07-14 00:00:00",-0.0997439008459889
"2019-07-15 00:00:00",0.062307683223831
"2019-07-16 00:00:00",-0.130099729538311
"2019-07-17 00:00:00",0.0228074811305785
"2019-07-18 00:00:00",0.100340363290912
"2019-07-19 00:00:00",-0.0127267823289158
"2019-07-20 00:00:00",0.0224492672044461
"2019-07-21 00:00:00",-0.0156062041074403
"2019-07-22 00:00:00",-0.0241528895762704
"2019-07-23 00:00:00",-0.0427665391777758
"2019-07-24 00:00:00",-0.00897322316679894
"2019-07-25 00:00:00",0.0101831198309184
"2019-07-26 00:00:00",-0.00419075353004228
"2019-07-27 00:00:00",-0.0397785102156923
"2019-07-28 00:00:00",0.00793259911447408
"2019-07-29 00:00:00",-0.00352929308685446
"2019-07-30 00:00:00",0.00927376516367051
"2019-07-31 00:00:00",0.0497744359529884
"2019-08-01 00:00:00",0.0311374777237097
"2019-08-02 00:00:00",0.0113951569638164
"2019-08-03 00:00:00",0.0288597369436854
"2019-08-04 00:00:00",0.0137185139668548
"2019-08-05 00:00:00",0.0761581306740038
"2019-08-06 00:00:00",-0.0277396232231559
"2019-08-07 00:00:00",0.0404071247968549
"2019-08-08 00:00:00",0.00204643618750056
"2019-08-09 00:00:00",-0.00864676439947132
"2019-08-10 00:00:00",-0.0428993367715755
"2019-08-11 00:00:00",0.0149334440210409
"2019-08-12 00:00:00",-0.0122325615811093
"2019-08-13 00:00:00",-0.0427657512101284
"2019-08-14 00:00:00",-0.0774723880564542
"2019-08-15 00:00:00",0.0258505217984182
"2019-08-16 00:00:00",0.00608957857736736
"2019-08-17 00:00:00",-0.0137449458541965
"2019-08-18 00:00:00",0.0111482856127061
"2019-08-19 00:00:00",0.0551182685406275
"2019-08-20 00:00:00",-0.0139996827650275
"2019-08-21 00:00:00",-0.0580850243205868
"2019-08-22 00:00:00",-0.000689890179524588
"2019-08-23 00:00:00",0.0273327073884293
"2019-08-24 00:00:00",-0.0238282805252719
"2019-08-25 00:00:00",-0.0021105750436301
"2019-08-26 00:00:00",0.0229128897013586
"2019-08-27 00:00:00",-0.0178693977339187
"2019-08-28 00:00:00",-0.0423226300132542
"2019-08-29 00:00:00",-0.0250371201562095
"2019-08-30 00:00:00",0.00925045016888859
"2019-08-31 00:00:00",0.00338504340327939
"2019-09-01 00:00:00",0.0132188849249866
"2019-09-02 00:00:00",0.0603393940113983
"2019-09-03 00:00:00",0.0267503331623862
"2019-09-04 00:00:00",-0.00273419923051699
"2019-09-05 00:00:00",-0.00178960528894623
"2019-09-06 00:00:00",-0.0210136420296009
"2019-09-07 00:00:00",0.0158357340852773
"2019-09-08 00:00:00",-0.00722417749167703
"2019-09-09 00:00:00",-0.0101809160358948
"2019-09-10 00:00:00",-0.0211900881507042
"2019-09-11 00:00:00",0.00616811334404099
"2019-09-12 00:00:00",0.0227693467487873
"2019-09-13 00:00:00",-0.00476267755656068
"2019-09-14 00:00:00",-0.000241111500207336
"2019-09-15 00:00:00",-0.000997865251615826
"2019-09-16 00:00:00",-0.00685358656033852
"2019-09-17 00:00:00",-0.00345647525776083
"2019-09-18 00:00:00",-0.00420108088754045
"2019-09-19 00:00:00",0.00668418650790259
"2019-09-20 00:00:00",-0.00825735533562233
"2019-09-21 00:00:00",-0.0159036048733235
"2019-09-22 00:00:00",0.00505760612068151
"2019-09-23 00:00:00",-0.0338684273088922
"2019-09-24 00:00:00",-0.113960413698081
"2019-09-25 00:00:00",-0.0154947175984901
"2019-09-26 00:00:00",-0.0433634602842716
"2019-09-27 00:00:00",0.0163663576103716
"2019-09-28 00:00:00",-0.000718707573245769
"2019-09-29 00:00:00",-0.0171878428688234
"2019-09-30 00:00:00",0.0234055126082615
"2019-10-01 00:00:00",0.00595719657257865
"2019-10-02 00:00:00",0.00596475806516938
"2019-10-03 00:00:00",-0.0158523934619675
"2019-10-04 00:00:00",-0.00654392083790667
"2019-10-05 00:00:00",-0.00663409294107076
"2019-10-06 00:00:00",-0.0200386083814217
"2019-10-07 00:00:00",0.0322311297715028
"2019-10-08 00:00:00",-0.00204227672111756
"2019-10-09 00:00:00",0.0445943248166043
"2019-10-10 00:00:00",-0.00107804572354897
"2019-10-11 00:00:00",-0.0308295125932286
"2019-10-12 00:00:00",0.00177832977959413
"2019-10-13 00:00:00",-0.00186525534366044
"2019-10-14 00:00:00",0.00645122295424638
"2019-10-15 00:00:00",-0.0202177575882981
"2019-10-16 00:00:00",-0.0192364637455863
"2019-10-17 00:00:00",0.00700641066701979
"2019-10-18 00:00:00",-0.0161284607956472
"2019-10-19 00:00:00",0.00192557724874076
"2019-10-20 00:00:00",0.0292314962909925
"2019-10-21 00:00:00",0.00263225156353042
"2019-10-22 00:00:00",-0.0200780186475467
"2019-10-23 00:00:00",-0.0697594800823976
"2019-10-24 00:00:00",-0.00281889952779879
"2019-10-25 00:00:00",0.155763418192191
"2019-10-26 00:00:00",0.0674624970088809
"2019-10-27 00:00:00",0.0331793504874158
"2019-10-28 00:00:00",-0.0309438054660586
"2019-10-29 00:00:00",0.0185324450173863
"2019-10-30 00:00:00",-0.0235435187048786
"2019-10-31 00:00:00",-0.000667150165494235
"2019-11-01 00:00:00",0.00668720722302152
"2019-11-02 00:00:00",0.0068688654852076
"2019-11-03 00:00:00",-0.00958348372309492
"2019-11-04 00:00:00",0.019193395678915
"2019-11-05 00:00:00",-0.0074458565517217
"2019-11-06 00:00:00",0.00196440837947187
"2019-11-07 00:00:00",-0.00996897312713863
"2019-11-08 00:00:00",-0.0499247469630204
"2019-11-09 00:00:00",0.00098822143528543
"2019-11-10 00:00:00",0.0274513058537391
"2019-11-11 00:00:00",-0.0328791799541341
"2019-11-12 00:00:00",0.00660829223448745
"2019-11-13 00:00:00",-0.000839348639785964
"2019-11-14 00:00:00",-0.0113720459378284
"2019-11-15 00:00:00",-0.024816282525035
"2019-11-16 00:00:00",0.00692046727068885
"2019-11-17 00:00:00",0.00318273950367076
"2019-11-18 00:00:00",-0.0313231776316227
"2019-11-19 00:00:00",-0.0124126938643238
"2019-11-20 00:00:00",-0.0217979856469296
"2019-11-21 00:00:00",-0.0479014856410054
"2019-11-22 00:00:00",-0.0452942151712407
"2019-11-23 00:00:00",0.0138721525399428
"2019-11-24 00:00:00",-0.0472951459619523
"2019-11-25 00:00:00",0.0139355780029029
"2019-11-26 00:00:00",0.0101085855838852
"2019-11-27 00:00:00",0.0434021022084072
"2019-11-28 00:00:00",-0.00910258621171922
"2019-11-29 00:00:00",0.0399482061112053
"2019-11-30 00:00:00",-0.0246885393104008
"2019-12-01 00:00:00",-0.0192000672749404
"2019-12-02 00:00:00",-0.013779656347806
"2019-12-03 00:00:00",-0.000251676584184457
"2019-12-04 00:00:00",-0.00930457460518552
"2019-12-05 00:00:00",0.0270645354008117
"2019-12-06 00:00:00",0.0132498508486347
"2019-12-07 00:00:00",0.00122448856304525
"2019-12-08 00:00:00",0.00107294426434157
"2019-12-09 00:00:00",-0.0216073957962533
"2019-12-10 00:00:00",-0.0165898464675446
"2019-12-11 00:00:00",-0.00833901970478312
"2019-12-12 00:00:00",0.00356179981090166
"2019-12-13 00:00:00",0.00366558067055434
"2019-12-14 00:00:00",-0.0199473224186948
"2019-12-15 00:00:00",0.00387778172965914
"2019-12-16 00:00:00",-0.0307343420954135
"2019-12-17 00:00:00",-0.0421155650283592
"2019-12-18 00:00:00",0.0958190116087072
"2019-12-19 00:00:00",-0.0101635977645014
"2019-12-20 00:00:00",0.0022174806884947
"2019-12-21 00:00:00",-0.00383133653004564
"2019-12-22 00:00:00",0.0445589076487813
"2019-12-23 00:00:00",-0.0207626444632996
"2019-12-24 00:00:00",-0.00449943758972526
"2019-12-25 00:00:00",-0.00646995650293081
"2019-12-26 00:00:00",-0.00497432167556111
"2019-12-27 00:00:00",0.00706199978996813
"2019-12-28 00:00:00",0.00382736855157684
"2019-12-29 00:00:00",0.0143020958833382
"2019-12-30 00:00:00",-0.017467840398116
"2019-12-31 00:00:00",-0.0136289678527698
"2020-01-01 00:00:00",0.000914034114134044
"2020-01-02 00:00:00",-0.02981929208615
"2020-01-03 00:00:00",0.0514516633723847
"2020-01-04 00:00:00",0.00895486688686997
"2020-01-05 00:00:00",0.0000891479693847508
"2020-01-06 00:00:00",0.0482912600425063
"2020-01-07 00:00:00",0.0507738464980616
"2020-01-08 00:00:00",-0.0102685875541521
"2020-01-09 00:00:00",-0.0248508556573456
"2020-01-10 00:00:00",0.0364869030188057
"2020-01-11 00:00:00",-0.0157981687081435
"2020-01-12 00:00:00",0.0192791064565045
"2020-01-13 00:00:00",-0.00589561666675831
"2020-01-14 00:00:00",0.0839334480242442
"2020-01-15 00:00:00",-0.00235098089126129
"2020-01-16 00:00:00",-0.00944981349950091
"2020-01-17 00:00:00",0.0235278524565821
"2020-01-18 00:00:00",0.00154221629109075
"2020-01-19 00:00:00",-0.0264529285753379
"2020-01-20 00:00:00",-0.00558249145835521
"2020-01-21 00:00:00",0.0101935315768586
"2020-01-22 00:00:00",-0.0074341799766211
"2020-01-23 00:00:00",-0.0316051459238581
"2020-01-24 00:00:00",0.00462961668497464
"2020-01-25 00:00:00",-0.00918684685280791
"2020-01-26 00:00:00",0.0273645543529719
"2020-01-27 00:00:00",0.036407519418229
"2020-01-28 00:00:00",0.0503680816721781
"2020-01-29 00:00:00",-0.00448357730164894
"2020-01-30 00:00:00",0.0206473030930427
"2020-01-31 00:00:00",-0.0166646314985195
"2020-02-01 00:00:00",0.00452869582619098
"2020-02-02 00:00:00",-0.00516452800660061
"2020-02-03 00:00:00",-0.00544111330483976
"2020-02-04 00:00:00",-0.012111511572205
"2020-02-05 00:00:00",0.0471040937790892
"2020-02-06 00:00:00",0.0121057733521575
"2020-02-07 00:00:00",0.00679783644570331
"2020-02-08 00:00:00",0.00706167639653033
"2020-02-09 00:00:00",0.0254994068905388
"2020-02-10 00:00:00",-0.0257063244720042
"2020-02-11 00:00:00",0.0356740251085206
"2020-02-12 00:00:00",0.0115415000411812
"2020-02-13 00:00:00",-0.0108148570169572
"2020-02-14 00:00:00",0.00956850333740422
"2020-02-15 00:00:00",-0.0409897830233054
"2020-02-16 00:00:00",0.00455120392616193
"2020-02-17 00:00:00",-0.0245903315663151
"2020-02-18 00:00:00",0.0466302236899863
"2020-02-19 00:00:00",-0.0501488435102921
"2020-02-20 00:00:00",-0.00258591643070527
"2020-02-21 00:00:00",0.00811427570400447
"2020-02-22 00:00:00",-0.00240127039694815
"2020-02-23 00:00:00",0.0270443000772318
"2020-02-24 00:00:00",-0.0276427415065911
"2020-02-25 00:00:00",-0.0319651957848653
"2020-02-26 00:00:00",-0.0557909517211587
"2020-02-27 00:00:00",-0.00408460158219659
"2020-02-28 00:00:00",-0.0127541849538128
"2020-02-29 00:00:00",-0.0084112616720321
"2020-03-01 00:00:00",-0.00430893065048066
"2020-03-02 00:00:00",0.0358794121802346
"2020-03-03 00:00:00",-0.00923188683683684
"2020-03-04 00:00:00",-0.00370287106530787
"2020-03-05 00:00:00",0.0369511716206019
"2020-03-06 00:00:00",0.00482259581739197
"2020-03-07 00:00:00",-0.0233039985084217
"2020-03-08 00:00:00",-0.0899934928755708
"2020-03-09 00:00:00",-0.0227514844631523
"2020-03-10 00:00:00",-0.00175614124858314
"2020-03-11 00:00:00",0.000215011651374386
"2020-03-12 00:00:00",-0.371695385610643
"2020-03-13 00:00:00",0.119280672348501
"2020-03-14 00:00:00",-0.0653055270479788
"2020-03-15 00:00:00",0.0369106178703307
"2020-03-16 00:00:00",-0.0700691567785042
"2020-03-17 00:00:00",0.042107938578309
"2020-03-18 00:00:00",0.00245120367936069
"2020-03-19 00:00:00",0.181877557249777
"2020-03-20 00:00:00",0.00122519991834391
"2020-03-21 00:00:00",-0.00221203490303234
"2020-03-22 00:00:00",-0.057365838894762
"2020-03-23 00:00:00",0.10052048662724
"2020-03-24 00:00:00",0.0496373343466776
"2020-03-25 00:00:00",-0.00797955297675934
"2020-03-26 00:00:00",0.00529518162956144
"2020-03-27 00:00:00",-0.0367221436072499
"2020-03-28 00:00:00",-0.0351795342047709
"2020-03-29 00:00:00",-0.0512881987960974
"2020-03-30 00:00:00",0.0857472380153546
"2020-03-31 00:00:00",0.00136904363714008
"2020-04-01 00:00:00",0.0261129241085605
"2020-04-02 00:00:00",0.028281287971738
"2020-04-03 00:00:00",-0.00886674041133706
"2020-04-04 00:00:00",0.0199216431308968
"2020-04-05 00:00:00",-0.0111245205403874
"2020-04-06 00:00:00",0.0707764242209672
"2020-04-07 00:00:00",-0.0131146270385952
"2020-04-08 00:00:00",0.0219725436538538
"2020-04-09 00:00:00",-0.00436444607602804
"2020-04-10 00:00:00",-0.0597905845538642
"2020-04-11 00:00:00",-0.000933677428099911
"2020-04-12 00:00:00",0.0163299946755799
"2020-04-13 00:00:00",-0.0180824184605125
"2020-04-14 00:00:00",-0.000381278256347706
"2020-04-15 00:00:00",-0.0292758475189473
"2020-04-16 00:00:00",0.0714674020440846
"2020-04-17 00:00:00",-0.00289731576469354
"2020-04-18 00:00:00",0.022755956726757
"2020-04-19 00:00:00",-0.00940250530071352
"2020-04-20 00:00:00",-0.0427664684365524
"2020-04-21 00:00:00",-0.000237614626846461
"2020-04-22 00:00:00",0.034429236776838
"2020-04-23 00:00:00",0.0439100712072535
"2020-04-24 00:00:00",0.016309658349007
"2020-04-25 00:00:00",0.00252091191568127
"2020-04-26 00:00:00",0.0145220715857741
"2020-04-27 00:00:00",0.0150697770113573
"2020-04-28 00:00:00",0.00146974170320413
"2020-04-29 00:00:00",0.12731805199514
"2020-04-30 00:00:00",-0.0161894964670876
"2020-05-01 00:00:00",0.0238160896014334
"2020-05-02 00:00:00",0.0139687916850584
"2020-05-03 00:00:00",-0.0101381709786539
"2020-05-04 00:00:00",0.00170672664627225
"2020-05-05 00:00:00",0.0101446789011479
"2020-05-06 00:00:00",0.0295111997088764
"2020-05-07 00:00:00",0.073662141362467
"2020-05-08 00:00:00",-0.0109382842827852
"2020-05-09 00:00:00",-0.0252746086878906
"2020-05-10 00:00:00",-0.0872915213747267
"2020-05-11 00:00:00",-0.0176595660873263
"2020-05-12 00:00:00",0.0235627121828275
"2020-05-13 00:00:00",0.0528719352100104
"2020-05-14 00:00:00",0.0500253516798101
"2020-05-15 00:00:00",-0.0416618049428347
"2020-05-16 00:00:00",0.00523320901219892
"2020-05-17 00:00:00",0.0313240010385261
"2020-05-18 00:00:00",0.00577369893969681
"2020-05-19 00:00:00",0.000253212559469862
"2020-05-20 00:00:00",-0.0211795492194151
"2020-05-21 00:00:00",-0.0463320997261483
"2020-05-22 00:00:00",0.0111008670034893
"2020-05-23 00:00:00",0.00290876521585415
"2020-05-24 00:00:00",-0.045488748482019
"2020-05-25 00:00:00",0.013260696688153
"2020-05-26 00:00:00",-0.00807032267219165
"2020-05-27 00:00:00",0.0391582092847755
"2020-05-28 00:00:00",0.0375484956946457
"2020-05-29 00:00:00",-0.00909397633941522
"2020-05-30 00:00:00",0.0276815983520635
"2020-05-31 00:00:00",-0.0246747682568486
"2020-06-01 00:00:00",0.0746438629444557
"2020-06-02 00:00:00",-0.0626977482252606
"2020-06-03 00:00:00",0.0133175945537585
"2020-06-04 00:00:00",0.0149035054542439
"2020-06-05 00:00:00",-0.013785177419961
"2020-06-06 00:00:00",-0.00122636948744037
"2020-06-07 00:00:00",0.0108945867688912
"2020-06-08 00:00:00",0.00129489803739724
"2020-06-09 00:00:00",0.00247771208264669
"2020-06-10 00:00:00",0.00759461095368907
"2020-06-11 00:00:00",-0.055553010600807
"2020-06-12 00:00:00",0.0170635306422793
"2020-06-13 00:00:00",-0.00058712137303174
"2020-06-14 00:00:00",-0.00933896231080067
"2020-06-15 00:00:00",0.00680893841582786
"2020-06-16 00:00:00",0.0092397649013285
"2020-06-17 00:00:00",-0.00605676065529936
"2020-06-18 00:00:00",-0.00721647928714242
"2020-06-19 00:00:00",-0.0131560092619585
"2020-06-20 00:00:00",0.00477198282255142
"2020-06-21 00:00:00",-0.00307649897852746
"2020-06-22 00:00:00",0.0370917474512351
"2020-06-23 00:00:00",-0.0019753474449562
"2020-06-24 00:00:00",-0.0328202563722916
"2020-06-25 00:00:00",-0.00523930819046148
"2020-06-26 00:00:00",-0.0109981175825025
"2020-06-27 00:00:00",-0.0128264101455038
"2020-06-28 00:00:00",0.0108554080272238
"2020-06-29 00:00:00",0.00517001551905261
"2020-06-30 00:00:00",-0.00575151396924112
"2020-07-01 00:00:00",0.00988532486059102
"2020-07-02 00:00:00",-0.0113688060165937
"2020-07-03 00:00:00",-0.00395756020858651
"2020-07-04 00:00:00",0.00497227466330896
"2020-07-05 00:00:00",-0.006410727963572
"2020-07-06 00:00:00",0.0332305643206332
"2020-07-07 00:00:00",-0.013140376368972
"2020-07-08 00:00:00",0.0190283599868706
"2020-07-09 00:00:00",-0.015948231237952
"2020-07-10 00:00:00",0.0000905202540630867
"2020-07-11 00:00:00",-0.00414503011459511
"2020-07-12 00:00:00",0.00391255017284697
"2020-07-13 00:00:00",-0.00354505923570314
"2020-07-14 00:00:00",-0.0000433154163321792
"2020-07-15 00:00:00",-0.00545015551136996
"2020-07-16 00:00:00",-0.00659310891371268
"2020-07-17 00:00:00",0.00209861601872663
"2020-07-18 00:00:00",0.000835660904590974
"2020-07-19 00:00:00",0.00292359722044888
"2020-07-20 00:00:00",-0.00234992021939695
"2020-07-21 00:00:00",0.0229867885009531
"2020-07-22 00:00:00",0.0160509214505316
"2020-07-23 00:00:00",0.00584848927611192
"2020-07-24 00:00:00",-0.00461114234121551
"2020-07-25 00:00:00",0.0147029760326194
"2020-07-26 00:00:00",0.0235662954827407
"2020-07-27 00:00:00",0.109610070771839
"2020-07-28 00:00:00",-0.0071013289541455
"2020-07-29 00:00:00",0.0171948657866843
"2020-07-30 00:00:00",0.00096807578020619
"2020-07-31 00:00:00",0.0191025870387018
"2020-08-01 00:00:00",0.0385152342315824
"2020-08-02 00:00:00",-0.060034265524987
"2020-08-03 00:00:00",0.0174363217768803
"2020-08-04 00:00:00",-0.00359726132633742
"2020-08-05 00:00:00",0.0482897617689442
"2020-08-06 00:00:00",0.00278802369781217
"2020-08-07 00:00:00",-0.0151361809238899
"2020-08-08 00:00:00",0.0131511961044957
"2020-08-09 00:00:00",-0.00666210092078379
"2020-08-10 00:00:00",0.017332698643586
"2020-08-11 00:00:00",-0.0393653438739686
"2020-08-12 00:00:00",0.0152849385127845
"2020-08-13 00:00:00",0.0171950151117686
"2020-08-14 00:00:00",-0.00129552126724364
"2020-08-15 00:00:00",0.00822739472857048
"2020-08-16 00:00:00",0.00228435515948466
"2020-08-17 00:00:00",0.0304048264637167
"2020-08-18 00:00:00",-0.0214754615208838
"2020-08-19 00:00:00",-0.019426708435085
"2020-08-20 00:00:00",0.010213129325662
"2020-08-21 00:00:00",-0.0240675077624505
"2020-08-22 00:00:00",0.00770636357832721
"2020-08-23 00:00:00",-0.0014533293142639
"2020-08-24 00:00:00",0.00940844237631766
"2020-08-25 00:00:00",-0.0346900180102092
"2020-08-26 00:00:00",0.0107537450079889
"2020-08-27 00:00:00",-0.0143593840101511
"2020-08-28 00:00:00",0.0193495406086939
"2020-08-29 00:00:00",-0.00308726584362129
"2020-08-30 00:00:00",0.017784220188426
"2020-08-31 00:00:00",-0.00262011959601416
"2020-09-01 00:00:00",0.0247977620782016
"2020-09-02 00:00:00",-0.0464847194918936
"2020-09-03 00:00:00",-0.102394761270988
"2020-09-04 00:00:00",0.0260135558053314
"2020-09-05 00:00:00",-0.0325582350513391
"2020-09-06 00:00:00",0.0108936964403414
"2020-09-07 00:00:00",0.00867790497759646
"2020-09-08 00:00:00",-0.0229563062638071
"2020-09-09 00:00:00",0.0109392362815772
"2020-09-10 00:00:00",0.0117932938869967
"2020-09-11 00:00:00",0.00364526309988178
"2020-09-12 00:00:00",0.00396656052331013
"2020-09-13 00:00:00",-0.0113400786250951
"2020-09-14 00:00:00",0.034588384002582
"2020-09-15 00:00:00",0.0108711771665255
"2020-09-16 00:00:00",0.0164818843917247
"2020-09-17 00:00:00",-0.00236129956071285
"2020-09-18 00:00:00",-0.00040225590724563
"2020-09-19 00:00:00",0.0136835457136872
"2020-09-20 00:00:00",-0.0140679934115778
"2020-09-21 00:00:00",-0.0435180017881518
"2020-09-22 00:00:00",0.00728333999578501
"2020-09-23 00:00:00",-0.0296623704181478
"2020-09-24 00:00:00",0.0508206012605181
"2020-09-25 00:00:00",-0.00402574030349023
"2020-09-26 00:00:00",0.00487255165109257
"2020-09-27 00:00:00",0.00185869860697041
"2020-09-28 00:00:00",-0.00492830024210544
"2020-09-29 00:00:00",0.0118924577377331
"2020-09-30 00:00:00",-0.00564225944732333
"2020-10-01 00:00:00",-0.0152293197165853
"2020-10-02 00:00:00",-0.00359266018468529
"2020-10-03 00:00:00",-0.00185834616099712
"2020-10-04 00:00:00",0.0112569801668372
"2020-10-05 00:00:00",0.0111912643375023
"2020-10-06 00:00:00",-0.0168767954009044
"2020-10-07 00:00:00",0.00541089001300676
"2020-10-08 00:00:00",0.0228942860676191
"2020-10-09 00:00:00",0.014266129439654
"2020-10-10 00:00:00",0.0195763506583932
"2020-10-11 00:00:00",0.00777421246099141
"2020-10-12 00:00:00",0.015036798023627
"2020-10-13 00:00:00",-0.0112037902964827
"2020-10-14 00:00:00",0.000315723241496535
"2020-10-15 00:00:00",0.00576077112904061
"2020-10-16 00:00:00",-0.0150692730444995
"2020-10-17 00:00:00",0.0031777181585686
"2020-10-18 00:00:00",0.0110280588094087
"2020-10-19 00:00:00",0.0225263118180521
"2020-10-20 00:00:00",0.0148439193627148
"2020-10-21 00:00:00",0.0761437551872792
"2020-10-22 00:00:00",0.0110890200141842
"2020-10-23 00:00:00",-0.00264945443433295
"2020-10-24 00:00:00",0.0136506131358387
"2020-10-25 00:00:00",-0.00586575414940227
"2020-10-26 00:00:00",0.00338221403395722
"2020-10-27 00:00:00",0.0442799020652491
"2020-10-28 00:00:00",-0.0280450753727671
"2020-10-29 00:00:00",0.0125532422099062
"2020-10-30 00:00:00",0.00808458069710949
"2020-10-31 00:00:00",0.017308697244997
"2020-11-01 00:00:00",-0.00318451183150514
"2020-11-02 00:00:00",
"2020-11-03 00:00:00",